DATE,TITLE,MAIN_NEWS,SOURCE_URL
"२०७७ साउन ७, ०६:०२",कञ्चनपुरका संस्थागत शिक्षक आन्दोलित ,"<strong>कञ्चनपुर:</strong> संस्थागत विद्यालयले लकडाउन अवधिको शुल्क लिने तर शिक्षक कर्मचारीलाई तलब नदिने भएपछि संस्थागत विद्यालय शिक्षक युनियन आन्दोलनमा उत्रिएको छ। संस्थागत विद्यालय शिक्षक युनियनले शिक्षा विकास तथा समन्वय इकाई कञ्चनपुरमा धर्ना दिएको छ। शिक्षक, कर्मचारीलाई असार महिनासम्मको तलब दिनुपर्ने, शिक्षक, कर्मचारीलाई सेवाबाट हटाउने कार्य बन्द गर्नुपर्ने र शिक्षक, कर्मचारीले अहिलेसम्म खादै आएको सेवा सुविधा कटौती नगरी उपलब्ध गराउनुपर्ने माग गर्दै एक घण्टा धर्ना दिएको युनियनका अध्यक्ष धनन्जय जोशीले बताए। ",https://dineshkhabar.com/article/33268
"२०७७ साउन ५, ०६:०८",कञ्चनपुरमा उपभोक्ता समितिको मनपरी भएपछि स्थानीयद्वारा वडा कार्यालय घेराउ ,"<strong>धनगढी:</strong> कञ्चनपुरमा गत आर्थिक वर्षको विकास निर्माणका योजना कार्यान्वयन गर्दा उपभोक्ता समितिले मनपरी गरेको आरोप लागेको छ। जिल्लाको कृष्णपुर नगरपालिकाका अधिकांश वडाहरुमा आर्थिक वर्षको अन्त्यमा फर्जी उपभोक्ता समिति गठनगरी मनपरी काम गरेर भुक्तानी लिएको स्थानीयको आरोप छ। उपभोत्ता समिति, कर्मचारी तथा स्थानीय जनप्रतिनिधीको मिलोमतोमा विकास निर्माणका योजनाहरुमा झारोटार्ने काम भएको स्थानीयले बताएका छन्। सडक ग्राबेलका योजनामा काम नगरी भुक्तानी दिएको स्थानीय गणेश बहादुर ऐरले बताए। ‘उपभोक्ता समिति, प्रविधिक तथा स्थानीय जनप्रतिनिधीको मिलेमतोमा विकास निर्माणका योजनाहरु कार्यान्वयन भएका छन्’ उनले भने, ‘अधिकांश योजनाहरुमा झारोटार्ने काम भएको छ।’ कृष्णपुर नगरपालिकाको वडा ७ र ८ मा भने यो समस्या बढी देखिएको छ। ४/५ योजनाका लागि एकै जनालाई उपभोक्ता समितिको अध्यक्ष बनाई राज्यकोषको दुरुपयोग भइरहेको स्थानीयले बताएका छन्। असारको अन्त्यमा आएर स्थनीयलाई खबर नै नगरी जनप्रतिनिधी निकटका व्यक्तिलाई उपभोक्ता समितिमा राखेर आर्थिक अनियमिता गरेको अर्का स्थानीय अमरबहादुर विष्टले बताए। ‘असारको अन्त्यमास्थनीयलाई खबर नै नगरी जनप्रतिनिधी निकटका व्यक्तिलाई उपभोक्ता समितिमा राखिएको रहेछ’ उनले भने, ‘स्थानीय सडकमा एक÷दुई टिप्पर ग्राबेल हालेपछि मात्रै हामीलाई थाहा भयो।’ सो विषयमा थप बुझ्न खोज्दा एक लाखका योजनामा पनि दुईदेखि चार टिप्पर मात्रै ग्रबेल हालेको देखिएको विष्टले बताए। कृष्णपुरको वडा नम्बर ७ र ८ मा पर्ने साना योजनाहरुमा जनप्रतिनिधी र प्रविधिक कर्मचारीको मिलेमतोमा लाखौं खर्च लाग्ने भएपनि थोरै बजेटमा काम गरेजस्तो देखाएर बजेटको दुरुपयोग गरेको देखिएको छ। टेकबहादुर विष्टको घरसम्मको बाटोमा ग्राबेल हाल्न एक लाख, शक्तिपुर प्रेम चौधरीको घर नजिक खानेपानी योजनामा ७५ हजार, मानबहादुर रोकायाको घरको बाटो ग्राबेलमा ७५ हजार, शान्तीपुर वडा नम्बर ७ जोड्ने बाटो निर्माणमा ७५ हजार खर्च भएको कागजमा देखाएपनि फिल्डमा काम नभएको कैलाशबहादुर बलायरले बताए। <strong>स्थानीयद्वारा वडा कार्यालय घेराउ </strong>नगरपालिका र वडा कार्यालयका जनप्रतिनिधीहरुले स्थानीयलाई जानकारी नै नगराई समिति गठन गरेर कागजी रुपमा काम समेत सम्पन्न गरेको देखाएपछि सोमबार स्थानीयले वडा नम्बर ८ को कार्यालय घेराउ गरेका छन्। उता कृष्णपुर नगरपालिका वडा नम्बर ८ का वडाअध्यक्ष अमरसिंह बडायकले पनि कतिपय सडकमा ग्रबेल हाल्ने काम सम्पन्न नभएको भन्ने गुनासो आएको बताएका छन्। ‘कतिपय सडकहरुमा कम ग्राबेल गयो भन्ने कुरा आएको छ। कति हाल्ने हो, कति गयो भन्ने विषयको अध्ययन प्राविधिकले गर्दछन्। सबै समस्याको समाधान गर्नतर्फ हामी लागेका छौं।’ वडाध्यक्ष बडायकले भने। रोशन भट्ट दिनेश खवरका संवाददाता हुन। उनले <span class=""_5yl5""><span>समसामयिक</span></span> विषयमा कलम चलाउछन्।",https://dineshkhabar.com/article/33125
"२०७७ साउन ५, ०७:१४",कैलालीमा दुई छोरीलाई बलात्कार गर्ने बुवा विरुद्ध मुद्दा दर्ता ,<strong>धनगढी : </strong>कैलालीमा दुई छोरीमाथि जबरजस्तीकरणी गर्ने बुवा विरुद्ध मुद्दा दर्ता गरिएको छ। घोडाघोडी नगरपालिकामा १४ र १६ वर्षीय छोरीलाई जबरजस्तीकरणी गर्ने बुवा विरुद्ध मुद्दा दर्ता गरिएको प्रहरीले जनाएको छ। जिल्ला प्रहरी कार्यालयका प्रवक्ता प्रहरी नायब उपरिक्षक प्रतिक विष्टले ईलाका प्रहरी कार्यालयमा आईतबार मुद्दा दर्ता भएको जानकारी दिए। उनका अनुसार उनी विरुद्ध जबरजस्तीकरणी र बाल यौन दुरुपयोगको मुद्दा दर्ता भएको हो। मुद्दा दर्ता भएसँगै प्रहरीले उनको खोजी सुरु गरेको छ। यसअघि बालिकाको संरक्षक नभएको भन्दै प्रहरीले मुद्दा दर्ता गर्न मानेको थिएन। तर आईतबार संरक्षक भेटिएपछि मुद्दा दर्ता भएको प्रहरीले जनाएको छ। अहिले पीडित बालिका ओरेक नेपालको जिम्मा लगाईएको छ भने बालिकाकी आमा केही वर्षदेखि वैदेशिक रोजगारीमा रहेकी छन्। ,https://dineshkhabar.com/article/33083
"२०७७ साउन १, ०९:१६",बैतडीमा बजेट विनियोजमा मनपरि गरेको भन्दै वडा कार्यालयमा ताला ,बैतडीको पञ्चेश्वर गाउँपालिकाले बजेट विनियोजनमा मनपरि गरेको भन्दै वडा कार्याल ताला लगाइएको छ। गाउँपालिकाको वडा नम्बर ४ को कार्यालयमा स्थानीयले ताला लगाएका हुन्। गाउँपालिकाको बजेटमा जनप्रतिनिधिले मनपरि गरेको उनीहरुको आरोप छ। गाउँपालिकाले आसेपासे र आफन्तलाई खुसी पार्न बजेट ल्याएको उनीहरुले आरोप लागएका छन्। नागरिक भेलाको समेत जनप्रतिनिधिले वास्ता नगरेको स्थानीय प्रकाश चन्दले बताए। ,https://dineshkhabar.com/article/32879
"२०७७ असार ३०, ०१:४७",कञ्चनपुरका किसान आन्दोलित ,<strong>कञ्चनपुर: </strong>भारतबाट मल ल्याउन पाउनुपर्ने माग राख्दै कञ्चनपुरका किसानहरु आन्दोलित भएका छन्। भीमदत्त नगरपालिका–१३ का किसानहरु खेतमा मलको अभाव भएपछि भारतबाट ल्याउन दिनुपर्ने माग राख्दै आन्दोलित हुन। मंगलबार बिहानदेखि झोलुंगे पुलमा ताला लगाएर स्थानीय किसानहरुले आन्दोलन गरिरहेका छन्। खेतमा हाल्नको लागि मलखाद नभएको र सरकारले अहिलेसम्म पनि कुनै व्यवस्था नगरेकोले आफूहरु आन्दोलन गर्न बाध्य भएको स्थानीय किसानहरुको गुनासो छ। असार २९ गतेसम्म प्रहरी र स्थानीयको सम्झौता अनुसार आधा कट्ठा युरिया मल ल्याउन पाउने भएपनि मंगलबार बिहानदेखि स्थानीय कृषकहरुलाई प्रहरीले मलखाद ल्याउन रोक लगाएपछि स्थानीयहरुले झोलुङ्गे पुलमा आवतजावत बन्द गरेका हुन्। अहिले प्रशासन र आन्दोलित किसान बीच समन्वयका लागि छलफल भइरहेको छ।,https://dineshkhabar.com/article/32693
"२०७७ असार २६, ०६:५०",धनगढीको कोब्रा बारमा बियरको बोतल प्रहार गर्ने एकजना पक्राउ ,धनगढी : धनगढीको कोब्रा बारमा बियरको बोतल प्रहार गर्ने एकजना पक्राउ परेका छन्। कैलालीको चुरे गाँउपालिका वडा नम्वर १ घर भई हाल धनगढी उपमहानगरपालिका वडा नम्वर १ बुद्धमार्गमा बस्द्रै आएका २१ बर्षीय गणेश सिंह भन्ने जेनसिंह ठकुरीलाई प्रहरीले पक्राउ गरेको हो। जिल्ला प्रहरी कार्यालयका अनुसार उनले चुरे गाउपालिका वडा नम्वर १ बस्ने भोज बहादुर बमलाई धनगढी उप–महानगरपालिका वडा नम्वर २ मिलनचोकस्थित किङ कोब्रा बारमा बियरको बोतलले टाउकोमा प्रहार गरेका थिए। उनले सोही बारमा भारतको लखिमपुर खिरी बस्ने सल्मान सेलमानी समेतलाई गालीगलौज तथा अभद्र व्यवहार गरेको समेत आरोप लागेको छ। उनीमाथि ज्यान मार्ने उद्योग र सार्वजनिक हित विरुद्ध कसुर अपराध मुद्दामा दर्ता भएको प्रहरी नायव उपरिक्षक प्रतिक विष्टले बताए। ,https://dineshkhabar.com/article/32443
"२०७७ असार २६, ०३:५१",कैलालीको पहलमानपुर–लालबोझी सडक खण्ड मर्मतको माग गर्दै प्रदर्शन ,<strong>प्रताप चौधरी/पहलमानपुर : </strong>कैलालीको पहलमानपुर–लालबोझी सडक खण्ड मर्मत सम्भारको माग गर्दै स्थानीयले प्रर्दशन गरेका छन्। घोडाघोडी नगरपालिका वडा नम्वर ११ को सिसैया चौकमा भेला भएका स्थानीयले सडक मर्मत सम्भारको माग गर्दै प्रर्दशन गरेका हुन्। उनीहरुले पहलमानपुर–लालबोझी सडक खण्डमा सवारी साधन चलाउन सकिने अवस्था नरहेकाले मर्मत सम्भारको माग गर्दै दबाब मुलक कार्यक्रम सहित प्रर्दशन गरेका हुन्। पहलमानपुर–लालबोझी सडक खण्ड हिलाम्य भएपछि स्थानीयले आवत जावतमा सास्ती भोग्नुपरेको छ। अहिले मोटरसाईकल र साईकल बाहेकका सवारी साधन समेत सञ्चालन हुन सकेका छैनन्। नगरपालिकाले ग्रावेलका लागि भन्दै पाँच लाख बजेट बिनियोजन गरेको थियो भने कालोपत्रेका लागि ३० लाखको टेण्डर हुने चर्चा भएपनि कुनै प्रक्रिया अगडि बढेको छैन्। पूर्वपश्चिम राजमार्गदेखि ५ सय मिटर मात्रै उक्त सडक कालोपत्रे भएको छ। कैलाली निर्वाचन क्षेत्र नम्बर ३ का प्रतिनिधि सभा सदस्य गौरीशंकर चौधरीले पनि उक्त सडकलाई चुनावी नारा बनाएका थिए। लालबोझी–पहलमानपुर सडकका स्तरोन्नतिका लागि भन्दै उनले बजेट समेत बिनियोजन गरेका थिए तर सडकको भने दुर्दशा छ। ,https://dineshkhabar.com/article/32425
"२०७७ असार २४, ०७:२८",डडेल्धुरामा हतौडा हानेर युवक मार्न खोज्ने पाँच जना पक्राउ ,"<strong>धनगढी: </strong>सोमबार डडेल्धुरामा एक युवकलाई कुटपिट गरी हत्या गर्ने प्रयास गरिएको छ। जिल्लाको गन्यापधुरा गाउँपालिका –२ मेलमुडा बस्ने ४५ वर्षीय तेजबहादुर बोहरालाई सोही ठाउँका पाँच जनाले कुटपिट गरी गम्भीर घाइते बनाएका छन्। प्रहरीले निज तेजबहादुरलाई सोमबार राति करिब साढे ९ बजेतिर ढुंगामुढा तथा हतौडा प्रहार गरेर कुटपिट गरेको आरोपमा वडा नम्बर २ कै ४७ वर्षीय भिमबहादुर बोहरा, २४ वर्षीय रमेश बोहरा, २२ वर्षीय भुवन बोहरा, २० वर्षीय केशव बोहरा र २१ वर्षीय सन्तोष बोहरालाई मंगलबार पक्राउ गरेको हो। उनीहरुले तेजबहादुरलाई कुटपिट गरी गम्भीर घाइते बनाएको जाहेरीका आधारमा पक्राउ गरिएको जिल्ला प्रहरी कार्यालय डडेल्धुराका प्रहरी नायव उपरीक्षक दधिराम न्यौपानेले बताए। पक्राउ परेका पाँचै जनामाथि ज्यान मार्ने उद्योगमा मुद्धा दर्ता भई थप अनुसन्धान भइरहेको डिएसपी न्यौपानेले बताए। ",https://dineshkhabar.com/article/32294
"२०७७ असार २४, ०३:५४",१६ वर्षीया किशोरी बलात्कार गर्ने पक्राउ ,गुल्मीमा १६ वर्षीया किशोरीलाई जवर्जस्ती करणी गरेको आरोपमा एक पुरुष पक्राउ परेका छन्। पक्राउ पर्नेमा सत्यवती गाउँपालिका–५ बस्ने ५५ वर्षीय पोम नारायण ढकाल छन्। यस सम्बन्धमा थप अनुसन्धान भइरहेको प्रहरीले जनाएको छ। ,https://dineshkhabar.com/article/32275
"२०७७ असार २३, ०१:०४",धनगढी बसपार्कमा अज्ञात समूहद्वारा बसमा आगजनी ,"धनगढी : धनगढी बसपार्कमा पार्किङ गरिएको एउटा बसमाथि अज्ञात समूहले आगजनी गरेको छ। धनगढी– बझाङ सञ्चालन गरिदै आएको ना ४ ख ९७४६ नम्वरको बसमाथि अज्ञात समूहले आगजनी गरेको सुदूरपश्चिम यातायातका बीमा संयोजक प्रकाश बमले जानकारी दिए। ‘गएराति बसमाथि आगजनी गरिएको छ,’ उनले भने, ‘आगजनी कस्ले ग¥यो भन्ने बारेमा केही खुलेको छैन्। दई वटा ब्याट्री समेत चोरी भएको छ।’ ",https://dineshkhabar.com/article/32195
"२०७७ असार १९, ०५:३९",खानेपानी विवादमा महिलामाथि खुकुरी प्रहार ,खानेपानीको विषयमा छिमेकीबीच विवाद हुँदा एक महिलामाथि खुकुरी प्रहार भएको छ। हुम्लाको सर्केगाड गाउँपालिका ४ सायामा खानेपानीको विषयमा भएको विवादमा खुकुरी प्रहारबाट कारण ४५ वर्षीया हजारी साउद गम्भीर घाइते भएकी छिन्। प्रहरीका अनुसार उनीमाथि स्थानीय नेत्र थापाले खुकुरी प्रहार गरेका हुन्। घाइते महिलाको साया स्वास्थ्यचौकीमा उपचार हुन नसकेपछि बाहिरका अस्पतालमा रेफर गरिएको छ। खुकुरी प्रहारका कारण टाउकोमा गम्भीर चोट लागेको रिवार स्रोतले जनाएको छ। यस्तै सो घटनामा सामान्य घाइते भएकी झला थापाको स्थानीय स्वास्थ्यचौकीमा उपचार भइरहेको छ। खुकुरी प्रहार गर्ने थापालाई पक्राउ गरिएको छ भने आवश्यक अनुसन्धान भइरहेको प्रहरीले जनाएको छ। ,https://dineshkhabar.com/article/31942
"२०७७ असार १९, ०८:०२",कैलालीका निजी विद्यालयले तलब नदिएको भन्दै शिक्षकहरु आन्दोलित ,<strong>धनगढी : </strong>कैलालीका निजी विद्यालयले तलब नदिएको भन्दै शिक्षकहरु आन्दोलित भएका छन्। कोरोना भाईरसको प्रभाव परेको तीन महिना भएपनि आफूहरुले ६ महिनादेखि तलब नपाएको भन्दै शिक्षकहरु आन्दोलित भएका हुन्। देशव्यापी विरोध गर्ने कार्यक्रम अन्तरगत आज पहिलो चरणमा धनगढीमा पनि प्रर्दशन गरेको संस्थागत विद्यालय शिक्षक युनियन कैलालीका अध्यक्ष शिवराज जोशीले बताए। कोरोना प्रभावका कारण विद्यालयहरु बन्द भएपनि लकडाउन अगाडीकै तलब समेत नपाएको उनले बताए। पहिलो दिन शान्तिपूर्ण प्रदर्शन गरेपनि माग सम्बोधन नभए थप आन्दोलन कार्यक्रम तय गर्ने संस्थागत विद्यालय शिक्षक युनियन कैलालीले जनाएको छ। ,https://dineshkhabar.com/article/31954
"२०७७ असार २२, ०७:४५",बैतडीको सिगास गाउँपालिका वडा नम्बर १ को कार्यालयमा तालाबन्दी ,<strong>बैतडी : </strong>विद्युत विस्तार सम्बन्धी विवाद हुँदा बैतडीको सिगास गाउँपालिका वडा नम्बर १ को कार्यालयमा तालाबन्दी गरिएको छ। विद्युत विस्तारको विषयलाई लिएर स्थानीयले तालाबन्दी गरेका हुन्। दुदिलाखानदेखि थडाकाडा रोड भएर विद्युत विस्तार गर्नुपर्ने स्थानीयको माग भएपनि वडाध्यक्षले अन्यत्रैबाट लाईन लैजान खोजेको भन्दै तालाबन्दी गरिएको हो। वडाध्यक्ष गगनसिंह धामीले भने स्थानीयकै माग अनुसार विद्युत विस्तार गर्न खोजेपनि बिना कारण अवरोध सिर्जना गरी तालाबन्दी गरिएको दावी गरेका छन्। उनले स्थानीयले विरोधका नाममा विरोध मात्र गरेको दावी समेत गरेका छन्। ,https://dineshkhabar.com/article/32108
"२०७७ असार २१, ०४:२१",कैलालीमा प्रधानमन्त्री ओलीको पक्षमा प्रदर्शन ,"<strong>धनगढी: </strong>प्रधानमन्त्री केपी शर्मा ओलीको पक्षमा कैलालीको टीकापुरमा प्रदर्शन भएको छ। भारतीय चलखेलमा नेपाल कम्युनिष्ट पार्टी (नेकपा)का नेताहरुबाटै केपी शर्मा ओली नेतृत्वको सरकारलाई ढाल्न खोजिएको भन्दै टीकापुरमा प्रदर्शन भएको हो। 'राष्ट्र नायक’ केपी ओली जिन्दावाद, भारतीय विस्तारवाद मुर्दावाद’, ‘अस्थिरता चाहिँदैन, सरकार ढाल्न पाइँदैन’ भन्दै युवा, विद्यार्थी र सर्वसाधारणहरूले प्रधानमन्त्री केपी ओली पक्षमा नारा लगाएका थिए। टीकापुरको खड्ग चोकबाट सुरु भएको र्‍याली नेपालको झण्डा सहित बजार परिक्रमा गरी अस्पताल रोड हुँदै खड्ग चोक पुगेर सभामा परिणत भएको थियो। प्रदर्शनमा नेकपानिकट विद्यार्थी र युवा बढी थिए।",https://dineshkhabar.com/article/32080
"२०७७ असार २१, ०६:१५",रक्सीले ‘झ्याप’ बनाएर युवती बलात्कार ,<strong>काठमाडौं:</strong> उपत्यकाको माकलबारीमा अन्दाजी ३० वर्षीया युवतीमाथि बलात्कार भएको छ। गएराति सिन्धुपाल्चोक घर भएका भुवन बिष्ट र दोलखा घर भएका पासाङ शेर्पा बलात्कारको आरोपमा पक्राउ परेका हुन्। गएराति युवतीसँगै उनीहरुले रक्सी खाएका थिए। रक्सीले आफूलाई झ्याप बनाएपछि उनीहरुले बलात्कार गरेको ती पीडित युवतीले प्रहरीसमक्ष बयान दिएकी छन्। पक्राउ परेका दुवै जनामाथि थप अनुसन्धान भइरहेको प्रहरीले जनाएको छ। ,https://dineshkhabar.com/article/32090
"२०७७ असार २१, ०९:१६",दिनेश खबरकर्मीमाथि हातपात गर्ने बावु छोरा पक्राउ ,"<strong>धनगढी : </strong>दिनेश खबरकर्मीमाथि हातपात गर्ने धनगढीका दुईजना पक्राउ परेका छन्। दिनेश सञ्चार गृहले सञ्चालन गरेको दिनेश खबर÷दिनेश एफएमका वरिष्ठ संवाददाता कमल सावदमाथि दुर्व्यवहार गरी हातपात गर्ने धनगढी उप–महानगरपालिका वडा नम्बर ५ का हर्कबहादुर देउवा र उनका छोरा ठक्करबहादुर देउवा पक्राउ परेका हुन्। उनीहरु दुवैजनाले आज दिउँसो सुदूरपश्चिम भूमि व्यवस्था कृषि तथा सहकारी मन्त्रालयमा पत्रकार सावदमाथि दुव्र्यवहार गर्दै हातपात गरेका थिए। दुवैजना विरुद्ध पत्रकार सावदले दर्ता गरेको सार्वजनिक हित समेतको विरुद्ध कसुर गरेको मुद्दामा अनुसन्धानका लागि पक्राउ गरिएको जिल्ला प्रहरी कार्यालयका प्रवक्ता प्रहरी नायब उपरिक्षक प्रतिक विष्टले बताए। यसअघि जिल्ला प्रहरी कार्यालयमा दिएको ठाडो निवेदनका आधारमा छलफलका लागि भन्दै आफै प्रहरी कार्यालयमा उपस्थित भएका बावु छोरालाई उजुरी दर्ता भएपछि प्रहरीले नियन्त्रणमा लिएको हो। कृषि मन्त्रालयबाट माछा पालनका लागि अनुदान लिएर पनि पोखरी निर्माण नगरेको विषयमा समाचार छापेर आफ्नोे बदनाम गरेको भन्दै बुवाछोराले पत्रकार सावदमाथि दुव्र्यवहार र हातपात गरेका थिए। ठक्कर देउवा कैलाली फुटबल संघका सदस्य समेत हुन्। उनका बुवा हर्क बहादुर देउवाले धनगढी उप–महानगरपालिका वडा नम्व्र ५ मा कृषि मन्त्रालयबाट माछा पालन गर्ने भन्दै एक लाख ४२ हजार ६ सय आठ रुपैँया अनुदान पाएका थिए। अनुदान पाएको एक बर्ष भएपनि अहिलेसम्म वडा नम्वर ५ मा माछापालन सुरु भएको छैन् भने पोखरी समेत निर्माण गरिएको छैन्। यसैबीच उनीहरुलाई प्रहरीले नियन्त्रणमा लिनु अघि समाचार लेखेकै भरमा पत्रकारमाथि दुव्र्यवहार र हातपात गरी ज्यान मार्ने धम्की दिएको घटनाप्रती ध्यानाकर्षण भएको भन्दै पत्रकारहरुको टोली जिल्ला प्रहरी कार्यालयमा पुगेको थियो। नेपाल पत्रकार महासंघका सुदूरपश्चिम अध्यक्ष अर्जुनबहादुर शाह, महासचिव योगेश रावल, पत्रकार महासंघका पूर्व केन्द्रीय सदस्य दिलबहादुर छत्याल, कैलाली जिल्ला शाखाका कोषाध्यक्ष हिमाल जोशी, प्रेस युनियन कैलाली शाखाका अध्यक्ष श्रवण देउवा लगायतका पत्रकारको टोलीले दोषीलाई कानून अनुसार कारवाही हुनुपर्ने भन्दै कैलाली प्रहरीको ध्यानाकर्षण गराएका थिए। कैलालीका प्रमुख प्रहरी उपरिक्षक अनुपम शमशेर जबराले घटनाको अनुसन्धान गरी दोषीलाई कानून अनुसार कारवाही गर्ने प्रतिबद्धता जनाएका छन्। ",https://dineshkhabar.com/article/32102
"२०७७ असार १७, ०२:५०",वडाध्यक्षमाथि आक्रमण गरेको आरोपमा तीन पक्राउ ,<strong>तुलसीपुर:</strong> दाङ शान्तिनगर गाउँपालिका –२ का वडाध्यक्ष फर्साराम डाँगीमाथि आक्रमण गरेको आरोपमा प्रहरीले तीन जनालाई पक्राउ गरी सोधपुछ शुरु गरेको छ। इलाका प्रहरी कार्यालय तुलसीपुरका प्रहरी नायब उपरीक्षक शिवबहादुर सिंहका अनुसार नेत्रविक्रम चन्द समूहका तीन जनालाई मङ्गलबार राति शान्तिनगर २ बाट पक्राउ गरिएको हो। उनीहरुको नाम र ठेगाना भने सार्वजनिक गरिएको छैन। मङ्गलबार अपराह्न २ बजेतिर आक्रमणबाट घाइते डाँगीलाई उपचारका लागि काठमाडौँ लगिएको छ। डाँगीको ह्याम्स अस्पतालमा उपचार भइरहेको छ। ,https://dineshkhabar.com/article/31780
"२०७७ असार १५, ०४:०७",कैलालीमा वडा कार्यालय भवन निर्माणमा मनपरी गरेको भन्दै स्थानीयको विरोध ,<strong>कैलाली :</strong> कैलालीको घोडाघोडी नगरपालिका वडा नम्बर ६ को कार्यालय भवन निर्माणमा मनरी गरेको भन्दै स्थानीयले विरोध गरेका छन्। वडा कार्यालय निर्माण गर्दा स्थानीयवासीको मागलाई वेवास्था गर्दै मनोमानी ढंगबाट अनुपयुक्त स्थानमा वडा कार्यालयको भवन निर्माण गर्न लागेको भन्दै स्थानीयहरुले विरोध गरेका हुन्। जनताको चाहना विपरित बसन्तामा वडा कायालय निमार्ण हुन लागेका भन्दै सोमबार स्थानीयले सडकमा उत्रिएर विरोध जनाएका छन्। स्थानीयले प्रतिखेतमा नै भवन निर्माण गर्नुपर्ने वा बृहत भेला गराई निर्णय गरी अघि बढ्नुपर्ने माग वडा र नगरपालिकामा राखेको भएपनि कतैबाट सुनुवाई नभएको भन्दै विरोध गरेका छन्। यसअघि वडाअध्यक्ष विनोद विश्वकर्माले आफुखुसी भवन निर्माण गर्न थालेको भन्दै स्थानीय डम्बर थापाले गत वर्ष जेठ १४ गते पुनरावेदन अदालत दिपायलमा मुद्धा दायर गरेका थिए। ,https://dineshkhabar.com/article/31635
"२०७७ असार १५, १२:४८","कैलालीमा जनप्रतिनिधिका छोराहरूको गुण्डागर्दी, सर्वसाधारणमाथि कुटपिट ","धनगढी : कैलालीको गौरीगंगा नगरपालिकाका जनप्रतिनिधिका छोराहरू सम्मिलित युवाटहरुको समूहले एक युवकमाथि मरणासन्न हुनेगरी कुटपिट गरेको छ। नगरपालिकाका वडा सदस्यद्वय चिरञ्जीवी जोशी र अमृता विकका छोरासहित युवाहरूको कुटपिटबाट युवक घाइते भएका हुन्। ईलाका प्रहरी कार्यालय मसुरियाका प्रहरी नायव निरिक्षक डम्मरबहादुर थापाले आइतवार राति गौरीगंगा नगरपालिका–८ का राजकुमार कठरियाका २१ वर्षीय छोरा कमान्डो कठरियामाथि कुटपिट भएको बताए। कुटपिटमा वडा सदस्य जोशीका छोरा निरज जोशी र वडा सदस्य विकका छोरा अर्जुन विकसहित गौरीगंगा नगरपालिका–४ का दिपेन्द्र सुनार, अर्जुन विक, विवेक बराल, वडा नम्बर ९ का सुरेश चुनाराको संलग्नता रहेको उनले बताए। घाइते कठरियाका बुवा राजकुमार कठरियाले आफ्नो छोराले ती युवालाई लागूऔषधको कारोबार गरेको देखेको र घटना बाहिर आउने डरले आफ्नो छोरामाथि कुटपिट गरेको दाबी गरे। यसैबीच, कुटपिटको घटनालाई आपसमै मिलाउने प्रयास भइरहको छ। वडा सदस्यद्वय सहितका व्यक्तिले आपसी छलफलबाटै घटनालाई मिलाउनुपर्ने दबाब सिर्जना गरिरहेका बताइएको छ। राति नै पक्राउ परेका निरज जोशीलाई उनका बुवा चिरञ्जीवी जोशीले पहुँचको भरमा घर लगेका जनाइएको छ। ",https://dineshkhabar.com/article/31619
"२०७७ असार १४, १२:५३",कैलालीमा ११ वर्षीया बालिका बलात्कारको आरोपमा युवक पक्राउ ,<strong>धनगढी : </strong>कैलालीमा ११ वर्षीया बालिका बलात्कारको आरोपमा युवक पक्राउ परेका छन्। जिल्लाको कैलारी गाउँपालिका वडा नम्बर २ मा ११ वर्षीया बालिका बलात्कार गरेको आरोपमा २९ वर्षीय युवक वर्षीय दिपेन्द्र चौधरीलाई पक्राउ गरिएको प्रहरीले जनाएको छ। जिल्ला प्रहरी कार्यालयका प्रमुख प्रहरी उपरीक्षक अनुपम शमशेर जबराले चौधरीलाई नियन्त्रणमा लिएर घटनाको अनुसन्धान भइरहेको जानकारी दिए। ,https://dineshkhabar.com/article/31551
"२०७७ असार १०, ११:५९",धनगढीमा मृत भेटिएका युवकको हत्या आशंकामा प्रहरीमा जाहेरी ,"<strong>धनगढी : </strong>धनगढीमा मृत भेटिएका युवकको हत्या आशंकामा प्रहरीमा कर्तव्य ज्यान सम्बन्धी जाहेरी दर्ता गरिएको छ। असार ७ गते <a href=""https://dineshkhabar.com/article/31076"">गेटा सामुदायिक वनमा झुण्डिएको अवस्थामा मृत भेटिएका</a> डोटीको पूर्वीचौकी गाउँपालिकाका १८ वर्षीय ठक्करबहादुर खड्काको हत्या आशंकामा जाहेरी दर्ता गरिएको प्रहरीले जनाएको छ। जिल्ला प्रहरी कार्यालयका प्रवक्ता प्रहरी नायब उपरिक्षक प्रतिक विष्टले मृतकका दाजु विष्णु खड्काले कर्तव्य ज्यान सम्बन्धी कसुरमा अनुसन्धानका लागि जाहेरी दिएको बताए। धनगढी उपमहानगरपालिका वडा नम्बर ४ उत्तरबेहडीमा डेरा गरी बस्दै आएका खड्का असार ४ गते वेपत्ता भएका थिए। उनको खोजी गर्दै जादा जेठ ७ गते गेटा सामुदायिक वनमा झुण्डिएको अवस्थामा मृत भेटिएका थिए। वेपत्ता भएको बेलुका सँगै बस्दै आएका डोटीकै धर्म चिराललाई टेलिफोन गरी <a href=""https://dineshkhabar.com/article/31092"">आफूलाई अपरिचित व्यक्तिले अपहरण गरेर गेटा जंगलतर्फ लगिरहेको भन्दै बचाउन</a> आग्रह गरेका थिए। त्यसपछि उनको मोवायल अफ भएको थियो। चिरालका अनुसार ईमोबाट चिठ्ठा परेको भन्दै खड्कालाई फोन आईरहन्थ्यो। २५ लाखको चिठ्ठा परेको भन्दै ईमोबाट फोन गर्ने व्यक्तिले सुरुमा ५५ हजार खातामा जम्मा गर्न भनेपछि उनले बुवासँग मागरे बुझाएका थिए। त्यसपछि एक लाख ३५ हजार माग्न थालेका थिए। सोही क्रममा उनी वेपत्ता भएका थिए। प्रहरीले भने घटनाको अनुसन्धान भईरहेकाले अहिले नै केही नखुलेको जनाएको छ। ",https://dineshkhabar.com/article/31255
"२०७७ असार ८, ०२:०७",डडेल्धुराका प्रत्येक स्थानीय तहमा आइसोलेसन वार्ड बनाउन माग गर्दै नेवि संघको प्रदर्शन ,"<strong>धनगढी: </strong>प्रत्येक स्थानीय तहमा आइसोलेसन वार्ड बनाउन माग गर्दै<strong> </strong> नेपाल विद्यार्थी संघ डडेल्धुराले प्रदर्शन गरेको छ। स्वाव लिएको १६औं दिनसम्म पनि रिपोर्ट नआउनु र उनीहरुको रिपोर्ट नआउँदै क्वारेन्टिनबाट घर पठाउने गरेकाले कोरोनाको जोखिम बढ्ने भन्दै सोमबार जिल्ला सदरमुकामको बागबजारमा नेवि संघले प्रदर्शन गरेको हो। नेवि संघका कार्यकर्ताले विभिन्न पम्प्लेट प्रर्दशन गरेर सरकारको ध्यानाकर्षण गराएका थिए। उनीहरुले जिल्लाका सम्पूर्ण स्थानीय तहमा आइसोलेसन वार्ड हुनुपर्ने, पिसीआर रिपोर्ट पोजेटिभ आएपनि १४ दिनमा घर पठाउने सरकारको निर्णय सच्याउनुपर्ने, घर पठाइएकाहरुको समेत निगरानी गर्नुपर्ने, क्वारेन्टिनमा सरकारी मापदण्ड अनुसार सबै व्यवस्थापन गर्नुपर्ने र कोरोना रोकथामका नाममा स्थानीय, प्रदेश र संघ सरकारले खर्च गरेको रकम सार्वजनिक गर्नुपर्ने लगायतका माग राखेका छन्। साथै सरकारी बजेट असारे विकासमा खर्च नगरेर त्यसलाई रकमान्तर गरी कोरोना नियन्त्रणमा खर्च गनुपर्ने आफुहरुको माग रहेको नेवि संघका प्रतिनिधि जगत ऐरले बताए। उनले असारे विकासमा भ्रष्टाचार गर्ने हरेक तहका विरुद्धमा नेवि संघ अझै कडा रुपमा प्रस्तुत हुने चेतावनीसमेत दिएका छन्। ",https://dineshkhabar.com/article/31100
"२०७७ असार ५, ०८:१४",सुदूरपश्चिम फाउण्डेसनका युवाहरुद्वारा प्रयोगशालाकर्मीमाथि हातपात ,"धनगढी : सुदूरपश्चिम फाउण्डेसनका युवाहरुले धनगढीमा प्रयोगशालाकर्मीलाई हातपात गर्दै धम्की दिएको आरोप लागेको छ। प्रदेश सरकारको नाममा त्रिनगर नाकामा खाना खुवाउँदै आएको सुदूरपश्चिम फाउण्डेसनमा आवद्ध युवाहरुले सेती प्रादेशिक अस्पतालका प्रयोगशालाकर्मीलाई हातपात गर्दै धम्की दिएका हुन्। ‘आरडिटी परीक्षणका लागि उनीहरु सेती अस्पताल आएका थिए,’ प्रयोगशालाका ईन्चार्ज रमेश शाहीले भने, ‘केही युवाले यसरी काम गरेर हुन्छ ? तिमिहरुको काम गर्ने तरिका भएन भन्दै कुटपिटको धम्की दिएका थिए।’ उनले अहिले भने गालीगलौज र कुटपिटको धम्की दिने युवाहरुले माफी मागेको बताए। यता फाउण्डेसनका अध्यक्ष भरत शाहले भने मापदण्ड अनुसार परीक्षण गर्न आग्रह गरेको बताए। ‘आरडिटी परीक्षणका लागि रगतको नमुना संकलनको तरिका विश्व स्वास्थ्य संगठनको मापदण्ड अनुुसार थिएन,’ उनले भने, ‘त्यो मापदण्ड अनुसार काम गर्नुस मात्रै भनेका हौँ। कसैलाई पनि धम्की दिएका छैनौँ।’",https://dineshkhabar.com/article/30918
"२०७७ असार ४, ०६:००",बैतडीमा नगरपालिकाकी उपमेयरले वकिललाई जुत्ता प्रहार गरेको आरोप ! ,"<strong>बैतडी:</strong> बैतडीको पाटन नगरपालिकाका उपप्रमुखले वकिलमाथी जुत्ता प्रहार गरेको आरोप लागेको छ। न्यायिक समिति संयोजक समेत रहेकी उपप्रमुख सरस्वती कोलीले पाटन नगरपालिका –३ का कानुन व्यवसायी नारायणदत्त पन्तमाथि सार्बजनिक स्थलमै जुत्ता प्रहार गरेको आरोप लागेको हो। पाटन उच्च अदालत ललितपुर, नेपाल बार एसोसियसनका सदस्य रहेका वकिल पन्तमाथि इलाका प्रहरी कार्यालय नजिकै जुत्ता प्रहार भएको पिडितले बताए। पाटन –३ को एक खानेपानी तथा अन्य विवादित विषयमा मध्यस्तकर्ताको भूमिका निर्वाह गर्दैगर्दा आफुमाथि जुत्ता प्रहार भएको पन्तले बताए। उक्त बिषयलाई लिएर आफु अदालत जाने समेत उनले बताए। उता उपप्रमुख कोलीले आफुले जुत्ता प्रहार गरेको आरोप निराधार भएको प्रतिक्रिया दिएकी छिन्। खानेपानी विवाद मिलाएर आफु कार्यालय बाहिर आइरहेको अवस्थामा समान्य कुरामा वकिल भनिने मान्छेले जातभात तथा औकातको कुरा गरेकोले आफुले जुत्ता निकालेको तर नहानेको उनले बताइन। ",https://dineshkhabar.com/article/30837
"२०७७ असार ४, ०२:०३",कैलालीमा प्रहरीबाटै कुटिए एक युवक ,अत्तरिया : कैलालीको गोदावरी नगरपालिकामा एक युवकमाथि प्रहरीले नै कुटपिट गरेको छ। नगरपालिकाको वडा नम्वर ६ लालपुरका १९ बर्षीय चेतराज भट्टमाथि कुटपिट भएको हो। अस्थायी प्रहरी पोष्ट बडेहामा रहेका प्रहरीले उनलाई मरणासन्न हुने गरि कुटपिट गरेका हुन्। बुधवार दिउँसो ११ बजे मिल जाँदै गरेका भट्टमाथि कुटपिट भएको हो। कुटपिटबाट घाईते भएका उनको अहिले अत्तरियास्थित पद्मा अस्पतालमा उपचार भईरहेको छ। मोटरसाईकलमा गहु पिसाउन मिल गईरकेका बेला अस्थायी प्रहरी पोष्टका प्रहरीले धम्काउदै कुटपिट गरेको भट्टले बताए। हेलमेट किन नलगाएको भन्दै कुटपिट गरेको उनले बताए। यता ईलाका प्रहरी कार्यालय मालाखेतीका प्रहरी प्रमुख डिएसपी ज्ञान बहादुर बिष्टले अहिले घटनाका बिषयमा छलफल भईरहेको बताए। ,https://dineshkhabar.com/article/30815
"२०७७ असार २, ०६:१४","धनगढीमा सरकारबिरुद्ध काँग्रेसको प्रदर्शन, प्रधानमन्त्रीलाई ज्ञापन ",धनगढी : कोरोना रोकथामका लागि सरकारलाई गम्भिर नभएको भन्दै नेपाली काग्रेस कैलालीले बिरोध ¥याली सहित प्रदर्शन गरेको छ। नेपाली कांग्रेस कैलालीले पार्टी कार्यालयदेखि प्रदर्शन गर्दै जिल्ला प्रशासन कार्यालय मार्फत प्रधानमन्त्री केपी शर्मा ओलीलाई ज्ञापन पत्र बुझाएको छ। कोरोना भाईरस रोकथामका लागि सरकार जिम्मेवार हनुपर्ने र भ्रष्टाचार रोकथामका लागि दबाब दिन प्रदर्शन गरिएको जिल्ला सभापाति नरनारायण शाह मनुले जानकारी दिए। आज सुदूरपश्चिमका अन्य जिल्लाबाट समेत काँग्रेसले प्रधानमन्त्रीलाई ज्ञापन पत्र बुझाएको छ। ,https://dineshkhabar.com/article/30692
"२०७७ असार १, ०७:१२",विप्लवद्वारा कैलालीमा दिउँसै प्रदर्शन ,"<strong>धनगढी: </strong>सरकारद्वारा प्रतिबन्धित विप्लव नेतृत्वको नेपाल कम्युनिस्ट पार्टीले कैलालीमा दिउँसै प्रदर्शन गरेको छ। राष्ट्रियताको पक्षमा एक्यवद्धता जनाउँदै जिल्लाको गौरीगंगा –८ बढैपुरमा सोमबार दिउँसो प्लेकार्डसहित प्रदर्शन गरेको हो। उनीहरुले ‘रङ्गभेदको आधारमा मारिएका अमेरिकी नागरिक जर्ज फ्लोइडका हत्यारालाई कार्वाही गर’, ‘अमेरिकी साम्राज्यवाद मुर्दावाद’, ‘जातियताका आधारमा मारिएका रुकुम चौरजाहारीका अपराधीलाई कार्वाही गर’, ‘अपराधीलाई राजनैतिक पक्षपोषण बन्द गर’, ‘कथित कम्युनिस्ट सरकार राजिनामा दे, ‘एमसिसिको पक्षमा मतदान गर्ने सभासदलाई जिल्ला प्रवेशमा निषेध गरांै’, नेपाल कम्युनिस्ट पार्टी जिन्दावाद’ लगायतका चर्को नारा लगाउँदै उनीहरुले प्रदर्शन गरेका थिए। नगर कमिटी गौरीगंगाको आयोजनामा भारतको पक्षमा काम गर्ने राष्ट्रघाती सरिता गिरीको विरोधमा प्रदर्शन गरेको (नेकपा)का नगर सचिव साजनले बताए। रुकुम पश्चिमको घटना, अमेरिकामा भएको रंगभेद र एमसिसिको विरोधमा पार्टीको विरोध रहेको भन्दै सरकारले वैदेशिक हस्तक्षेप हुने राष्ट्रविरोधी सम्झौता गर्न लागेकाले निरन्तर विरोध जारी रहन उनले बताएका छन्। प्रतिबन्धित पार्टीको विरोध प्रदर्शनको क्रममा प्रहरीको उपस्थितले र्यालीमा सहभागी करिब ३०÷३५ जना विप्लवका कार्यकर्ता तितरबितर भएका थिए।",https://dineshkhabar.com/article/30617
"२०७७ असार १, ०९:५८",कैलालीमा खाना नपाएको भन्दै क्वारेन्टिनमा बसेकाहरु आन्दोलित ,"<strong>बौनिया :</strong> कैलालीमा स्थानीय तहको फितलो व्यवस्थापनले खाना समेत नपाएको भन्दै क्वारेन्टिनमा बसेकाहरु आन्दोलित भएका छन्। जिल्लाको बर्दगोरिया गाउँपालिका वडा नम्बर–१ को बसन्त मुरारी मावि क्वारेन्टाइनमा रहेकाहरुले आईतबार जनप्रतिनिधी विरुद्ध नाराबाजी गर्दै प्रर्दशन गरेका हुन्। क्वारेन्टिनको उचित व्यवस्थापन नगरेपछि आफूहरुलाई सास्ती भएको भन्दै आक्रोशित भएका स्थानीयले खानेपानी, शौचालयको उचित प्रबन्ध नगरिएको र स्वास्थ्य परीक्षणको माग गरिएको छ। उनीहरुले खानाको समेत व्यवस्था नभएपछि घरबाट ल्याएर खानुपर्दा जोखिम बढेको गुनासो समेत गरेका छन्। उक्त क्वारेन्टाइनमा १४ महिला र ९३ पुरुष गरी भारतबाट फर्किएका एक सय ७ जनालाई राखिएको थियो। ",https://dineshkhabar.com/article/30570
"२०७७ असार १, ०८:२१","सम्पादकलाई धम्की, महासङ्घद्वारा सुरक्षाको माग ","नेपाल पत्रकार महासङ्घले समाचार लेखेकै कारण ‘काठमाडौँ प्रेस डटकम’ का प्रबन्ध सम्पादक गोविन्द परियारलाई धम्की दिने व्यक्तिलाई तत्काल कानूनी दायरामा ल्याउन र सुरक्षाको प्रत्याभूति दिलाउन सम्बन्धित निकायसँग माग गरेको छ। “समाचारको विषयलाई लिएर काठमाडौँ प्रेस डटकमका प्रबन्ध सम्पादक परियारलाई सुमेग ट्राभल्स एजेन्सीका सञ्चालक मेघ केसीले अपशब्द प्रयोग गर्दै धम्की दिएको घटनाप्रति महासङ्घको गम्भीर ध्यानाकर्षण भएको छ”, महासङ्घद्वारा जारी विज्ञप्तिमा भनिएको छ। प्रबन्ध सम्पादक परियारका अनुसार काठमाडौँ प्रेसले जेठ २५, २६ र ३० गते चार्टर्ड उडानमा महँगो भाडा असुलेको विषयमा विभिन्न शीर्षकमा समाचार सम्प्रषण गरेपछि सोही निहुँमा आफूलाई आइतबार बिहान ११ः५ बजे ९८५१०८२५१२ नम्बरको मोबाइलबाट फोन गरी निज केसीले ‘समाचार के आधारमा लेखियो, प्रमाण के छ’ भन्दै अपशब्द प्रयोग गर्दै सिध्याइदिन्छु भनेर धम्क्याएको महासङ्घले जनाएको छ। महासङ्घले प्रकाशित समाचारको विषयमा चित्त नबुझे या गुनासो भएमा त्यसउपर कानूनी उपचार खोज्ने वैधानिक विधि र स्थापित पद्धति भएको जनाउँदै त्यसलाई बेवास्ता गर्दै पत्रकारलाई ठाडो चुनौती दिई अपशब्द प्रयोग गर्दै सिध्याइदिन्छु भनेर धम्की दिनु प्रेस स्वतन्त्रता विरोधी कार्य भएको ठहर गरेको छ। ",https://dineshkhabar.com/article/30565
"२०७७ जेठ ३०, ०२:५१",धनगढीमा सुरक्षाकर्मीलाई मास्क वितरण गर्दै सुरु भएको प्रदर्शन पानी बाडेर समापन ,"धनगढी : धनगढीमा सुरक्षाकर्मीलाई मास्क वितरण गरेर सुरु भएको सरकारलाई खवरदारी कार्यक्रम पानी वितरण गरेर समापन गरीएको छ। कोरोना भाइरसको रोकथाममा सरकार गम्भीर नभएको भन्दै आयोजना गरीएको खवरदारी कार्यक्रम सुरक्षाकर्मीलाई मास्क र ग्लव्स वितरण गरेर सुरु गरीएको थियो भने समापन सुरक्षाकर्मीलाई नै पानी बाडेर गरीएको हो। आरडिटी बन्द गरेर शत प्रतिशत कोरोना परीक्षण पीसीआर बिधीबाट गर्नुपर्ने, क्वारेन्टिन व्यवस्थित बनाउनपर्ने, कोरोना रोकथामका लागि सरकारले गरेको खर्च सार्वजनिक गर्नुपर्ने लगायतको माग राख्दै पीडित नागरिकको तर्फबाट प्रदर्शन गरीएको थियो। ‘प्रदेश सरकार ! तिम्रो पाराले, दुख पायो साराले, कोरोना मौलायो हाम्रो सरकार बौलायो, सरकार की त जाग की त भाग, सासंदको भत्ता पाक्ने नागरिकको भात नपाक्ने, सरकारलाई जिमखाना नागरिकलाई छैन् खाना’ लगायतका नारा लेखिएका प्लेकार्ड सहित प्रदर्शन गरीएको हो। ",https://dineshkhabar.com/article/30364
"२०७७ जेठ ३१, ०५:४७",डडेल्धुरामा क्वारेन्टिनमा बसेकाको रिपोर्ट नआई घर पठाएको भन्दै वडा कार्यालय घेराउ ,"<strong>धनगढी : </strong>डडेल्धुरामा क्वारेन्टिनमा बसेकाहरुको कोरोना रिपोर्ट नआई घर पठाएको भन्दै वडा कार्यालय घेराउ गरिएको छ। क्वारेन्टिनमा बसेकाहरुको आरटिडी रिपोर्ट पोजेटिभ आएकोमा उनीहरुको पिसीआर रिपार्ट नआई घर पठाएको भन्दै जिल्लाको नवदुर्गा गाउँपालिका –१ कोटेलीको वडा कार्यालय घेराउ गरिएको छ। स्थानीयले टायर बालेर स्थानीय सरकारको विरोध गरेको स्थानीय युवा श्याम ओलीले बताए। ‘५६ जनाको आरडिटी रिपोर्ट पोजेटिभ आएको छ, त्यपछि पिसीआर परीक्षणका लागि धनगढी प्रयोगशालामा पठाइएकोमा उनीहरुको रिपोर्ट नआइकनै घर पठाइएको छ। स्थानीय सरकारले झन जोखिम बढाउने कार्य गरेको छ। साेही कारण यो प्रदर्शन गरेका हौं’ उनले भने। स्थानियले उक्त विषयमा भोली पनि प्रदर्शन गर्ने अर्का युवा टंक अवस्थीले जानकारी दिए। शनिबार मात्रै नवदुर्गा गाउँपालिकाका २३ जनामा कोरोना पुष्टि भएको छ। धनगढीस्थित कोरोना परीक्षण प्रयोगशालामा डडेल्धुराको नवदुर्गाका २३ र अमरगढीका गरी २४ जनामा कोरोना पुष्टि भएको सेती अस्पतालका सूचना अधिकारी दिलिप कुमार श्रेष्ठले बताए।",https://dineshkhabar.com/article/30454
"२०७७ जेठ ३०, ०२:४८",पेट्रोलमा कालोबजारी गर्ने तीनजना पक्राउ ,"<strong>स्याङ्जा : </strong>पेट्रोलमा कालोबजारी गरेको आरोपमा तीन जना पक्राउ परेका छन्। तोकिएको मूल्यभन्दा बढी मूल्यमा पेट्रोल बिक्री गरी कालोबजारी गरेको आरोपमा स्याङ्जाको पुतलीबजार नगरपालिका वडा नम्बर ३ बाट तीन जनालाई पक्राउ गरिएको प्रहरीले जनाएको छ। पक्राउ पर्नेमा पुतलीबजारका ३३ वर्षीया विष्णुमाया शर्मा, २४ वर्षीय गौरव प्रधान र वडा नम्बर १० का३५ वर्षीय चन्द्रबहादुर गुरुङ रहेका छन्। उनीहरु विरुद्ध मुद्दा दर्ता गरी अनुसन्धानको प्रक्रिया थालिएको छ। ",https://dineshkhabar.com/article/30363
"२०७७ जेठ २९, ०८:२१",धनगढीमा नाली निर्माणमा कमसल ईट्टा प्रयोग गरिएपछि स्थानीयद्धारा विरोध ,धनगढी : धनगढीमा सडकको नाली निर्माण गर्दा कमसल ईट्टा प्रयोग गरिएको आरोप लागेको छ। धनगढी उप–महानगरपालिका वडा नम्बर २ मा उपभोक्ता समितिले निर्माण थालेको नालीमा कमसल ईट्टा प्रयोग भएको आरोप लागेको हो। धनगढी उप–महानगरपालिकाको १० लाख चार हजारको लागतमा निर्माण थालिएको ९७ मिटर सडकको नाली निर्माण निर्माण गर्दा कमसल ईट्टा प्रयोग भएका स्थानीय युवा कुल रावलले बताए। ‘दुई नम्बर ईट्टा प्रयोग भएका छ। आँखा अगाडी गलत छ भन्न खोज्दा हातपात भयो। रोक भन्दा रोकिएको छैन्। मिस्त्रीलाई अध्यक्ष राखिएको छ। विरोध गर्न खोज्दा र्दबाइएको छ।’ उनले भने। उपभोक्ता समितिका अध्यक्ष सुर्य कामीले भने नाली निर्माणमा कमसल ईट्टा प्रयोग नभएको दावी गरे। उनले दुई नम्बरी ईट्टा प्रयोग नभएको प्रतिकृया दिए। ‘यो बाटो हाम्रो हो। भोली भत्कियो भने हामीलाई नोक्सानी हुने हो। दुई नम्बर ईट्टा प्रयोग भएको छैन्। कमसल ईट्टा अलगै राखेका छौ।’ उनले भने। युवाहरुले कमसल ईट्टा प्रयोग गरिएको भन्दै विरोध गरेका हुन्।,https://dineshkhabar.com/article/30313
"२०७७ जेठ २८, ०६:१८","कैलालीमा युवतीको मृत्युपछि राजमार्ग अवरुद्ध, प्रहरीद्धारा अश्रु ग्यास प्रहार ",<strong>धनगढी : </strong>कैलालीमा बसको ठक्करबाट साइकल यात्रीको मृत्यु भएपछि स्थानीयले राजमार्ग अवरुद्ध पारेका छन्। जिल्लाको बर्दगोरीया गाउँपालिका २ कि २५ वर्षिया सरस्वती उपाध्यायको मुत्यु भएपछि स्थानीयले राजमार्ग अवरुद्ध पार्दै आन्दोलन गरेका छन्। उनीहरुले पूर्वपश्चिम राजमार्गको बौनिया बजारमा राजमार्ग अवरुद्ध पार्दै पीडित परिवारलाई क्षतीपूर्ती र दोषीलाई कारवाहीको माग गर्दै प्रर्दशन गरेका छन्। प्रर्दशनले उग्र रुप लिएपछि प्रहरी र आन्दोलनकारीबीच दोहोरो झडप समेत भएको छ। दोहोरो झडपपछि स्थिती नियन्त्रणमा लिन अश्रु ग्यास प्रहार गरिएको जिल्ला प्रहरी कार्यालयका प्रवक्ता प्रहरी नायब उपरिक्षक प्रतिक विष्टले बताए। उनले प्रहरीमाथि ढुङ्गामुढा प्रहार भएपछि भीड नियन्त्रणमा लिन अश्रु ग्यास प्रहार गरिएको बताए। आज दिउँसो लम्कीबाट धनगढी आउँदै गरेको ना ७ ख ९३० नम्बरको बसको ठक्करबाट साईकलमा सवार उपाध्यायलाई बौनियाँ चौराहामा ठक्कर दिएको थियो। दुर्घटनामा गम्भिर घाईते भएकी उपाध्यायको माया मेट्रो अस्पताल धनगढीमा उपचारको क्रममा मृत्यु भएको थियो। ,https://dineshkhabar.com/article/30218
"२०७७ जेठ २८, ०२:४९",कोरोना रोकथामका लागि सरकार गम्भिर नभएको भन्दै धनगढीमा प्रदर्शन ,"<strong>धनगढी : </strong>कोरोना भाइरसको रोकथामका लागि सरकार गम्भिर नभएको भन्दै धनगढीमा प्रदर्शन गरीएको छ। स्वस्फुर्त रुपमा जम्मा भएका युवाहरुले मुख्यमन्त्री तथा मन्त्रीपरिषद्को कार्यालय अगाडि प्रदर्शन गरेका हुन्। युवाहरुले ‘कि सुरक्षा निभाउ हैन भने मरिरहेका जनताको जिमेवारी लेउ, जनता कोरोनाले हैन, लापरवाहीले मर्दैछन्, सरकारले जिम्मेवारी पुरा गरे हाम्रो साथ छ, नागरिकलाई भौकै मार्न पाईदैन, आवश्यक स्वास्थ्य सामाग्री ल्याउ, ¥यापिट टेष्ट बन्द गर’ लेखेका पम्प्लेट बोकेर प्रदर्शन गरीएको प्रदर्शनमा सहभागी चुन्नु केसीले बताए। आरडीटी विधी विश्वसनीय नरहेको भन्दै उनीहरुले पीसीआर परीक्षणमा जोड दिन समेत माग गरेका छन्।",https://dineshkhabar.com/article/30194
"२०७७ जेठ २८, १२:५९",बाजुरामा क्वारेनटाइनमा खटिएका स्वास्थ्यकर्मीमाथि आक्रमण ,बाजुरा– बाजुराको त्रिबेणी नगरपालिकामा क्वारेन्टाइनमा उपचार गर्न गएका स्वास्थ्यकर्मीमाथि कुृटपीट गरिएको छ। त्रिबेणी नगरपालिका वडा न १ स्थित छतारा आधारभुत स्वास्थ्य सेवा केन्द्रका अहेवमाथि कुटपिट गरिएको हो। क्वारेन्टाइनमा रहेका ब्यक्तीको नियमीत चेकजाच गर्न जाने क्रममा अहेव रामबहादुर नेपालीमाथि कुटपीट भएको त्रिबेणी नगरपालिका स्वास्थ्य संयोजक चिरन्जीबी शाहले बताए। वडा नम्वर १ का भिम बहादुर मिजारले ढुगांले हानेर घाईते बनाएको नगरपालिकाले जनाएको छ। स्वास्थ्यकर्मीमाथि गरिएको आक्रमणप्रति नगरपालिकाको ध्यानाकर्षण भएको जनाएको छ। यता स्वास्थ्य कार्यालय बाजुराका प्रमुख दयाकृष्ण पन्तले कुटपिटमा संग्लनलाई कारवाही हुनुपर्ने माग गरे।,https://dineshkhabar.com/article/30188
"२०७७ जेठ २७, ०१:३६",अनेरास्ववियू डडेल्धुराद्वारा एमसिसीको विरोध ,"<strong>डडेल्धुरा : </strong>अखिल नेपाल राष्ट्रिय स्वतन्त्र विद्यार्थी यूनियन(अनेरास्ववियू) डडेल्धुराले अमेरिकी मिलेनियम च्यालेन्ज कर्पोरेशन (एमसिसी) को विरोधमा प्रदर्शन गरेको छ। मंगलबार जिल्लाको बसपार्क क्षेत्रमा विभिन्न नारासहितको पम्प्लेट टाँसेर उनीहरुले विरोध जनाएका हुन। ‘राष्ट्रघाती एमसिसी सम्झौता खारिज गर, अमेरिकी सम्राज्यवाद मुर्दावाद, राष्ट्रिय स्वाधिनताको रक्षा गरौं’ लगायतका नारासहितका पम्प्लेट टाँसेर एमसिसीको विरोध गरेको अनेरास्ववियू संयोजक सन्तोष भट्टले बताए। ",https://dineshkhabar.com/article/30112
"२०७७ जेठ २२, ०८:०४",एमसीसी विधेयकको बिरोधमा कैलालीमा मसाल जुलुस ,"एमसीसी विधेयकको विरोधमा कैलालीमा मसाल जुलुस निकालिएको छ। नेपाल कम्यिुनिष्ट पार्टी९विप्लप समुह०ले जिल्लाको घोडाघोडी नगरपालिका वडा नम्बर ७ हरिनगर क्षेत्रमा मसाल जुलुस निकालेको हो। मसाल जुलुसका क्रममा ‘भ्रष्ट्राचारी सरकार राजीनामा दे, एसीसी विद्देक खारेज गर, केपी–देउवा मुर्दावाद, दलाल सरकार मुर्दावाद, केपी ओली राजीनमा दे’ लगायतका नारा समेत लगाइएका थिए।",https://dineshkhabar.com/article/29757
"२०७७ जेठ २४, ०७:५३",कैलालीमा वडा अध्यक्षका छोरा पक्राउपछि प्रहरी कार्यालय घेराउ ,"<strong>धनगढी : </strong> कैलालीमा भारतबाट फर्किएका नागरिलाई क्वारेन्टिनमा राख्न आग्रह गर्दा स्थानीयमाथि आक्रमण गरेको आरोपमा वडा अध्यक्षका छोरा पक्राउ परेपछि प्रहरी कार्यालय घेराउ गरिएको छ। कैलालीको गौरीगंगा नगरपालिका वडा नम्वर ३ का अध्यक्ष नरवहादुर शाहका छोराले स्थानीयमाथि आक्रमण गरेको आरोपमा पक्राउ परेपछि रिहा गर्नुपर्ने माग गर्दै ईलाका प्रहरी कार्यालय चौमाला घेराउ गरिएको हो। वडाध्यक्ष समर्थकहरुले आज दिउँसो ईलाका प्रहरी कार्यालय घेराउ गरेका हुन्। घटनापछि चौमाला पुगेका ईलाका प्रहरी कार्यालय मालाखेतीका प्रमुख प्रहरी नायब उपरिक्षक ज्ञानबहादुर विष्टले अहिले दुवै पक्षबीच छलफल चलिरहेको बताए। मुम्बईबाट फर्किएकाहरुलाई क्वारेन्टिनमा राख्ने विषयमा भएको विवादका क्रममा आज विहान वडा अध्यक्ष सहितका ३०, ४० जनाको समूहले चार जना स्थानीयमाथि हातपात गरिएको आरोप लागेको छ। वडाध्यक्षका छोराले समेत हातपात गरेको आरोपपछि प्रहरीले पक्राउ गरेको छ। प्रहरी नायब उपरिक्षक विष्टले वडाध्यक्षका दुई छोरालाई सोधपुछका लागि नियन्त्रणमा लिईएको बताए। वडा अध्यक्ष नरबहादुर शाहले भने स्थानीयमाथि भएको आक्रमणको विषयमा आफूलाई जानकारी नभएको बताउँदै आएका छन्। ",https://dineshkhabar.com/article/29910
"२०७७ जेठ २१, ०७:३३",कैलालीमा प्रधानमन्त्री ओली र पूर्व प्रधानमन्त्री देउवाको पुत्ला दहन ,<strong>धनगढी : </strong>कैलालीमा प्रधानमन्त्री केपी शर्मा ओली र पूर्व प्रधानमन्त्री शेरबहादुर देउवाको पुत्ला दहन गरिएको छ। नेपाल कम्युनिष्ट पार्टी (विप्लव) समुहले कैलालीको गोरीगंगा नगरपालिका वडा नम्बर ८ लिक्मामा पुत्ला दहन गरेको हो। एमसीसी संसदबाट पारित गर्न लागिएको बिरोधमा उनीहरुले पुत्ला दहन गरेका हुन्। राष्ट्रिय महत्वका विषयमा सहमति गर्न नसक्ने नेताहरुले राष्ट्रिघाती एमसीसी विधेयकमा सहमति गरेको भन्दै दुई नेताका पुत्ला दहन गरिएको उनीहरुले बताएका छन्। ,https://dineshkhabar.com/article/29676
"२०७७ जेठ २१, ०७:०५",गोदावरी नगरपालिका वडा नम्बर ८ को कार्यालयमा तालाबन्दी ,"<strong>धनगढी : </strong>कैलालीको गोदावरी नगरपालिका वडा नम्बर ८ को कार्यालयमा ताला लगाइएको छ। लकडाउन प्रभावित नागरिकलाई राहत वितरणमा बद्मासी गरिएको भन्दै वडा कार्यालयमा ताला लगाइएको हो। पार्टी निकट र आसेपासेहरुलाई मात्र राहत दिएको उनीहरुको आरोप छ। वस्तविक लकडाउन प्रभावितलाई राहत नदिएको भन्दै उनीहरुले ताला लगाएका स्थानीय बिक्कि ओझाले बताए। वडा अध्यक्ष नरेशबहादुर अधिकारीले राहत नपाएका, कम पाएका गुनासो गर्दै आएका नागरिकले वडा कार्यालयमा ताला लगाएको बताए। ‘राजनीतिक दलहरुलाई राहत वितरणमा लागि सूची तयार गर्न भनेका थियौ। उहाँहरुल छुट्नु भएको रहेछ। केहीले कम पाएको पनि भन्दै थिए। पुनः राहत आएपछि वितरण गर्छौ।’ वडा अध्यक्ष अधिकारीले भने। वडा नम्बर ८ को कार्यालयले दुई सय ५३ परिवारलाई राहत वितरण गरेको बताएको छ। पुनः प्रदेश सरकारले दिएको रकमबाट थप राहत समेत वितरण गरिएको वडा अध्यक्ष नरेशबहादुर अधिकारीले जानकारी दिए। ",https://dineshkhabar.com/article/29672
"२०७७ जेठ २१, ११:४७",धनगढीमा नवजात शिशु मृत फेला ,धनगढी : धनगढीमा एक नवजात शिशु मृत फेला परेका छन्। धनगढी उप–महानगरपालिका वडा नम्वर ३ को मोहना नदीमा भर्खरै जन्माएको शिशु मृत फेला परेको हो। जिल्ला प्रहरी कार्यालय कैलालीका प्रहरी निरिक्षक हिक्मत वहादुर थापाले नदीमा मृत शिशु बगेर आएको अवस्थामा फेला परेको बताए। नदीमा शिशुको शव देखेर स्थानीयवासीले प्रहरीलाई खबर गरेका थिए। घटनास्थलमा प्रहरी निरिक्षकको टोली पठाईएको जिल्ला प्रहरी कार्यालय कैलालीले जनाएको छ। शिशु फाल्ने व्यक्तिको पहिचान हुन सकेको छैन्। ,https://dineshkhabar.com/article/29633
"२०७७ जेठ २०, ०१:३०","डोटीमा बाटोमा हिड्दा कोरोना सर्ने भन्दै स्वास्थ्यकर्मीमाथि आक्रमण, काठमाडौँ रेफर ","डोटी : डोटीमा स्वास्थ्यकर्मीमाथि आक्रमण भएको छ। शिखर नगरपालिका वडा नम्वर ९ को दानकोट स्वास्थ्यचौकीमा कार्यरत अहेब रमेश कुवँरमाथि आक्रमण भएको हो। शिखर नगरपालिकाका स्वास्थ्य संयोजक हरिश शाहले आक्रमणबाट गम्भिर घाईते भएका स्वास्थ्यकर्मी कुवँरलाई उपचारका लागि डडेलधुरा अस्पताल पठाएको थियो। डडेल्धुरा अस्पतालमा उपचार सम्भव नभएपछि काठमाण्डौं स्थित ट्रमा सेन्टर लगिएको छ। लाटामाण्डौंमा रहेको स्वास्थ्यचौकीबाट स्वास्थ्य सामग्री लगेर दानकोट स्वास्थ्यचौकी जादै गरेका कुवँरमाथि तीन जनाले आक्रमण गरेका थिए। गाउँको बाटो हिड्दा कोरोना संक्रमण फैलिने भन्दै मदिरा सेवन गरेका स्थानिय तीन जनाले गाली गलौच गर्दै ढुङ्गामुडा प्रहार गरेको जनाईएको छ। आक्रमण गर्ने तिनै जनालाई प्रहरीले पक्राउ गरेको छ। पक्राउ पर्नेमा शिखर नगरपालिका ७ बोगटाका नविन खत्री, रोशन खत्री र तेज लुहार रहेको जिल्ला प्रहरी कार्यालय डोटीका सूचना अधिकारी प्रहरी निरीक्षक कर्ण बोहराले जानकारी दिए। ",https://dineshkhabar.com/article/29567
"२०७७ जेठ १९, ०१:११",कैलालीमा क्वारेन्टिनमा खटिएका स्वयमसेवकमाथि खुकुरी प्रहार ,धनगढी : कैलालीमा क्वारेन्टाईनमा खटिएका स्वयंसेवकमाथि खुकुरी प्रहार भएको छ। जिल्लाको घोडाघोडी नगरपालिको वडा नम्वर ६ मा रहेको क्वारेन्टिनमा खटिएका स्वयंसेवक रामबहादुर ठकुल्लामाथी खुकुरी प्रहार भएको हो। खुकुरी प्रहारबाट ठकुल्लाको दायाँ हात र शरीरमा समेत चोट लागेको छ। घाईते ठकुल्लाको घोडाघोडी अस्पतालमा उपचार भएको छ। घाइते ठकुल्लाले घोडाघोडी नगर कार्यपालिका सदस्य रती कामीका छोरा अर्जुन कामीले खुकुरी प्रहार गरेको बताए। इलाका प्रहरी कार्यलय सुखडले भने ठाडो निवेदन दिएको र घटना सम्बन्धि अनुसन्धान भईरहेको जनाएको छ। ठकुल्ला क्वारेन्टिनमा बसोबासको व्यवस्था मिलाउन सक्रिय थिए। ,https://dineshkhabar.com/article/29487
"२०७७ जेठ १७, ०३:०५",रुकुमको चौरजहारी घटनाः दोषीलाई कारबाहीको माग राख्दै धनगढीमा प्रदर्शन ,<strong>धनगढी : </strong>गत शनिबार पश्चिम रुकुमको चौरजहारीमा अन्तरजातीय विवाहको विषयमा पाँच जनाको हत्या र एक जना बेपत्ता भएको घटनाप्रति सरकारले देखाएको उदासीनता पछि देशभरिका दलित समुदाय आन्दोलित भएका छन्। सोही क्रममा दोषीहरुलाई कावारहीको माग राख्दै हराएको सरकार खोज्न राष्ट्रिय दलित पत्रकार संघ नेपाल सुदूरपश्चिम प्रदेश समितिले शनिबार धनगढीमा सांकेतिक रुपमा मैनबत्ती बालेर बिरोध प्रदर्शन गरेको छ। ‘सरकार अध्यारोमा कहाँ छ ? उज्यालोमा यहाँ छ। सरकार आँखा खोल’ जस्ता नारा लेखिएका पम्प्लेट लेखेर राष्ट्रिय दलित पत्रकार संघले मैनबत्ती बालेर धनगढीको पार्क चोकबाट पश्चिम रुकुम घटनाप्रति सरकारलाई जवाफदेही हुन ध्यानाकर्षण गरेको छ। कार्यक्रमलाई सम्बोधन गर्दै राष्ट्रिय दलित पत्रकार संघ सुदूरपश्चिम प्रदेश अध्यक्ष रमा भट्टराई जैरुले संवीधानमै उल्लेख गरिएको जातिय छुवाछुतमुक्त राष्ट्रलाई चौरजहारी घटनाले गिज्याइरहेको बताइन। ‘सामान्य मानविय संवेदना समेत नराखेर गरिएको नरसंहारप्रति सरकार चुप रहनु समग्र दलित समुदायको आत्मसम्मान माथिको प्रहार हो। त्यसैले सरकारले उक्त घटनाको निस्पक्ष छानबिन गरोस र दोषीलाई कडाभन्दा कडा कानुनी कार्वाहीको दायरा ल्याएर यस्ता अमानवीय घटना हुन नदिन सरकार सचेत होस’ उनले भनीन। ,https://dineshkhabar.com/article/29360
"२०७७ जेठ ७, १०:२२",डडेल्धुराको अजयमेरु गाउँपालिका ४ को कार्यालयमा तालाबन्दी ,"<strong>धनगढी : </strong>डडेल्धुराको अजयमेरु गाउँपालिका वडा नम्बर ४ चिपुरको कार्यालयमा तालाबन्दी गरिएको छ। गाउँपालिकाले लकडाउनका समयमा जिल्लाबाहिर लगायत अन्य ठाँउबाट आएका कसैलाई क्वारेन्टानमा राखेको र कसैलाई घर जान दिएको भन्दै स्थानीयले मंगलबार राती वडा कार्यालयमा ताला लगाएका हुन। जिल्ला बाहिरबाट आएका गरिब जनतालाई क्वारेन्टाइनमा ठेल्ने र पहुँच भएकाहरुलाई घर जान दिने गरेको भन्दै तालाबन्दी गरेकोे स्थानीयले बताए। ‘हुनेखाने धनी वर्ग तथा जनप्रतीनिधीसंग नजिक रहेका स्थानयीलाई शक्तिको भरमा लुकाएर घर पठाइने गरेको छ’ स्थानीय राम विष्टले भने, ‘गाउँपालिका आफैले बनाएको निती नियम त मिच्नु भएन नी।’ बाहिरबाट आएकालाई घर जान दिइ कोरोनाको जोखिम बढेकोमा जनप्रतीनिधीको ध्यानाकर्षण गराउन वडा कार्यालयमा ताला लगाएका अर्का स्थानीय जयप्रकाश भट्टले बताए। ‘जिल्ला वन कार्यालयमा कार्यरत कर्मचारी भवानी सिँह ऐडी हालै मात्र कञ्चनपुरबाट आएको तर उनी क्वारेन्टाइनमा बस्न नमानेकाले बाध्य भएर ताला लगाएका हाैं’ उनले भने, ‘उनी जिल्लामै रहेको कुरा पुष्टि गर्न वन अधिकृतले समेत जाली कागजात बनाएर घर पठाउने षडयन्त्र गरे, के क्वारेन्टाइनमा गरिब जनताले मात्रै बस्ने हो र ?’ उनलाई क्वारेन्टाइन नबसाएर घर पठाउन गाउँपालिका अध्यक्षले समेत भुमिका खेलेको उनले आरोप लगाए। ",https://dineshkhabar.com/article/28705
"२०७७ जेठ ५, ०९:१८","भारतले लिपुलेक, कालापानी क्षेत्रमा सडक बनाएको बिरुद्ध कैलालीमा विप्लवको प्रर्दशन ","नेत्रविक्रम चन्द विप्लबले नेतृत्व गरेको नेकपाको नेतृत्वमा भारतले लिपुलेक, कालापानी क्षेत्रमा सडक बनाएको बिरुद्ध कैलालीमा सोमबार प्रर्दशन गरिएको छ। नेपालको सिमाना मिचेर भारतले लिपुलेक कालापानी क्षेत्रमा सडक बनाएको बिरुद्ध विप्लव नेतृत्वको नेपाल कम्युनिष्ट पार्टी गौरीगंगा नगर कमिटीले सोमबार साँझ बिरोध तथा मसाल जुलुस प्रदर्शन गरेको हो। प्रर्दशनकारीले गौरीगंगा नगरपालिका वडा नम्बर ८ देउराली शिविर नजिकैको पुर्व पश्चिम महेन्द्र राजमार्गमा राके जुलूस समेत निकालेका थिए। ",https://dineshkhabar.com/article/28567
"२०७७ जेठ ५, ०३:५४","बैतडीमा मेयरले कर्मचारी कुटे, पीडितमाथि उल्टै दुर्व्यवहारको मुद्दा ",<strong>बैतडी :</strong> बैतडीको पुर्चौडीमा मेयरले हुलाकका कर्मचारमाथि कुटपिट गरेको आरोप लागेको छ। पुुर्चौडी नगरपालिकाका मेयर रणबहादुर कुँवरले ईलाका हुलाक कार्यालयमा कार्यरत दिलबहादुर धानुकमाथि कुटपिट गरेको आरोप लागेको हो। पुर्चौडीका स्थानीय समेत रहेका धानुकसँग भएको समान्य विवादका क्रममा मेयर कुँवरले कुटपिट गरेको पीडितका छोरा रमेश धानुकले आरोप लगाए। उनले बैशाख १ गते सेवाबाट राजिनामा दिएका धानुकसँग विगतदेखि व्यक्तिगत रिसिबीलाई लिएर मेयरले कुटपिट गरी उल्टै प्रहरी मार्फत पक्राउ गर्न लगाएको बताए। मेयरको कुटपिटबाट घाईते भएका धानुकलाई अहिले ईलाका प्रहरी कार्यालय पाटनले पक्राउ गरेको छ। धानुकमाथि अभद्र व्यवहारको मुद्दा चलाउने तयारी गरिएको छ। ईलाका प्रहरी कार्यालयका प्रमुख प्रहरी निरिक्षक धनदेव साउँदले धानुकलाई अभद्र व्यवहारको मुद्दामा पक्राउ गरिएको बताए। जिल्ला अदालतबाट म्याद थप गरी धानुकमाथि अनुसन्धान थालिने प्रहरी निरिक्षक साउँदले बताए। मेयरले धानुकलाई कुटपिट गरेको कुरा भने प्रहरीलाई कुनै जानकारी नभएको दावी उनको थियो। <strong>प्रहरीमाथि पनि मेयरले कुटपिट गरेको स्थानीय दावी </strong> मेयर कुँवरले हुलाकका कर्मचारीमाथि कुटपिट गर्दा नियन्त्रणमा लिन खोज्ने प्रहरी अधिकारीमाथि समेत कुटपिट गरेको आरोप लागेको छ। ईलाका प्रहरी कार्यालय पाटनमा कार्यरत प्रहरी हवलदार मंगलबहादुर रोकायामाथि समेत कुटपिट गरेको स्थानीयले आरोप लगाएका छन्। प्रहरी हवलदार रोकायाले कर्मचारीलाई कुटपिट गर्ननहुने तर उनको कुनै गल्ती भए कानून अनुसार कारवाही हुन्छ भन्दा उल्टै हवलदारमाथि हातपात गरी कुटपिट गरेको पीडित पक्षले बताएका छन्। कुटपिट भएपछि पुर्चौडी क्षेत्रमा डिउटीमा खटाईएका प्रहरी हवलदार रोकाया असुरक्षा भएको भन्दै पाटन फर्किएका छन्। तर ईलाका प्रहरी कार्यालय पाटनले भने उक्त कुराको बचाउ गरेको छ। प्रहरी निरिक्षक साउँदले आफ्ना हवलदारमाथि मेयरले हातपात र कुटपिट गरेको विषयमा जानकारी नभएको दावी गरे। पुर्चौडी क्षेत्रको सुरक्षाका लागि खटिएका प्रहरी हवलदार घटना लगत्तै फर्किनुको कारणमा भने उनले हवलदारसँगै अन्य प्रहरीहरु समेत फर्किएको जिकिर गरेका छन्। हुलाकका कर्मचारी र प्रहरीमाथि कुटपिट गरेको आरोपका विषयमा प्रतिक्रिया लिन मेयर रणबहादुर कुँवरसँग पटक पटक टेलिफोन गर्दा पनि उनले फोन उठाएनन्।,https://dineshkhabar.com/article/28548
"२०७७ जेठ ३, १२:४४",वडा अध्यक्षमाथि खुकुरी प्रहार गर्ने युवक पक्राउ ,वडा अध्यक्षमाथी खुकुरी प्रहार गरेको आरोपमा एक युवक पक्राउ परेका छन्। संखुवासभाको खाँदबारी नगरपालिका–५ का कार्यवाहक वडाअध्यक्ष श्यामप्रसाद निरौलामाथि खुकुरी प्रहार गर्ने बीरबहादुर तामाङलाइ पक्राउ गरीएकाे प्रहरीले जनाएको छ। प्रहरीका अनुसार शुक्रबार राति ८ बजेतिर वडा कार्यालय नजिकै कार्यवाहक अध्यक्ष निरौलामाथि स्थानीय बीरबहादुर तामाङले खुकुरी प्रहार गरी गम्भीर घाइते बनाएका थिए। अहिले अध्यक्ष निरौलाको जिल्ला अस्पताल खाँदबारीमा उपचार भइरहेको छ। पछाडिबाट खुकुरी प्रहार गरिएका निरौलाको टाउकोमा गम्भीर चोट लागेको छ। अहिले कार्यवाहक अध्यक्ष निरौला खतरामुक्त रहेको र टाउकोमा १० टाँका सिलाइ भएको जिल्ला अस्पताल खाँदबारीले जनाएको छ। कार्यवाहक अध्यक्षमाथि के कति कारणले आक्रमण भएको भन्नेबारे अनुसन्धान भइरहेको जिल्ला प्रहरी कार्यालय संखुवासभाले जनाएको छ। ,https://dineshkhabar.com/article/28399
"२०७७ जेठ १, ०७:५२",कोपिला सामुदायिक बनको कार्यालयमा तालाबन्दी ,<strong>लम्की : </strong>कैलालीको लम्कीचुहाको कोपिला सामुदायिक वन उपभोक्ता समूहको कार्यालयमा तालाबन्दी गरिएको छ। लम्कीचुहा नगरपालिका वडा नम्बर ३ को व्यवस्थीतनगरमा रहेको कोपिला सामुदायिक बनको कार्यालयमा उपभोक्ताले बीहीवार अनिश्चितकालीन तालाबन्दी गरेका हुन्। समयावधी सकिएको कार्य समितिले उपभोक्ताको हित विपरित कार्य सम्पादन गर्न थालेको भन्दै साधारणसभाको माग गर्दै तालाबन्दी गरिएको गरेका हुन्। वर्तमान कार्य समितिले गाउँका केही टाठाबाठालाई हातमा लिएर गैरकानूनी रुपमा कार्य सम्पादन गर्न थालेपछि कार्यालयमा अनिश्चितकालीन तालाबन्दी गरिएको संघर्ष समितिका संयोजक रंगप्रसाद उपाध्यायले बताए। यस्तै साधारणसभा बोलाई आयव्यय विवरण पारदर्शी रुपमा सार्वजनिक गर्नुपर्नेमा वन पदाधिकारीले उल्टै आफु अनुकुल निर्णय गरेको भन्दै उनीहरुको राजिनाको माग समेत गरिएको छ भने वैज्ञानिक वन व्यवस्थापन कार्यक्रम लागु गर्ने निर्णय फिर्ता नलिदा सम्म तालाबन्दी यथावथ राख्ने चेतावनी दिईएको छ। ,https://dineshkhabar.com/article/28300
"२०७७ वैशाख २८, ११:२५", धनगढीमा युवतीको अश्लिल भिडियो सार्वजनिक गरी आत्महत्या गर्न बाध्य पार्ने युवक पक्राउ ,"<strong>धनगढी : </strong>धनगढीमा युवतीको अश्लिल भिडियो सार्वजनिक गरी आत्महत्या गर्न बाध्य पार्ने युवक पक्राउ परेका छन्। पक्राउ पर्नेमा कञ्चनपुरको बेलौरी नगरपालीका वडा नम्बर ७ का २३ वर्षीय सन्तराम चौधरी रहेको कैलालीका प्रवक्ता प्रहरी नायब उपरिक्षक दक्षकुमार बस्नेतले जानकारी दिए। चौधरीले शनिबार बिहान धनगढी उपमहानगरपालिका वडा नम्बर ६ जालीको सुकुटी नालामा झुण्डिएर आत्महत्या गरेकी गौरीगंगा ९ शंकपुरकी १९ वर्षीय लक्ष्मी देउवाको फेसबुकबाट अश्लिल भिडियो र फोटो आफन्त र साथीहरुलाई पठाएका थिए। अश्लिल भिडियो र फोटाहरु फेसबुक मार्फत सार्वजनिक भएपछि उनले आत्महत्या गरेको उजुरीका आधारमा चौधरीलाई प्रहरीले पक्राउ गरेको हो। युवकको मोवाईलमा सार्वजनिभ भएको अश्लिल भिडियो, फोटा, र फेसबुक आईडी समेत लगईन अवस्थामै भेटिएको प्रहरी नायब उपरिक्षक बस्नतेले बताए। घटनाको अनुसन्धान भईरहेको प्रहरीले जनाएको छ। ",https://dineshkhabar.com/article/27969
"२०७७ वैशाख १०, ०१:१३",धनगढीमा तीन महिलालाई गालीगलाैज गरी कुटपिट गर्ने बुवाछोरा पक्राउ ,<strong>धनगढी: </strong>धनगढीमा महिलालाई गाली गलौच गरी कुटपिट गर्ने बुवाछोरा पक्राउ परेका छन्। धनगढी उपमहानगरपालिकाको वडा नम्बर १३ अम्बिका टोल बस्ने गुमला चन्द र उनका छोरीहरु अनुता चन्द र ज्योती चन्दलाई गाली गलौच गरी कुटपिट गरेको आरोपमा सोही स्थानका ५१ वर्षीय किशोर कलौनी र उनका २४ वर्षीय छोरा जगदिश कलोनी पक्राउ परेका हुन। मादकपदार्थ सेवन गरी उनीहरुले कुटपिट गर्दा पिडितको टाउको र हातमा चोट लागी घाइते भएको जिल्ला प्रहरी कार्यालय कैलालीका प्रहरी नायव उपरीक्षक दक्षकुमार बस्नेतले बताए। पक्राउ परेका दुवैमाथि म्याद थप गरेर अनुसन्धान भइरहेको उनले बताए। पिडितहरुको भने उपचार भइरहेको प्रहरीले जनाएको छ। ,https://dineshkhabar.com/article/26791
"२०७७ वैशाख ११, ०८:१०","धनगढीमा दुई युवकमाथि आक्रमण, एकको हात भाचियो ",<strong>धनगढी : </strong>धनगढीमा दुई युवकमाथि आक्रमण भएको छ। धनगढी उप–महानगरपालिका वडा नम्बर ३ मा मंगलबार कञ्चनपुरबाट मोटरसाईकलमा आउँदै गर्दा ६/७ जनाको समूहले दुईजनालाई आक्रमण गरेका हुन्। धनगढी उप–महानगरपालिका वडा नम्बर ३ का गणेश चन्द सहितका दुई जनालाई आक्रमण गरेको हो। आक्रमणमा परेका चन्दको हात भाचिएको छ। उनको धनगढीको सारथी अस्पतालमा उपाचार भइरहेको छ। चन्दले आफु माथि किन आक्रमण गरेको हो भन्ने विषयमा थाहा नभएको बताए। राजघाट पुलको छेउमा आफूमाथी ६/७ जनाको युवाको समुहले आक्रमण गरेको बताए। तत्काल प्रहरीलाई खबर गरेपनि उनीहरुलाई पक्राउ गर्न बेवास्ता गरेको चन्दले आरोप लगाएका छन्। उल्टै प्रहरीले आफुहरु माथि दुव्र्यवहार गरेको उनले बताए। तर जिल्ला प्रहरी कार्यालय कैलालीका प्रवक्ता प्रहरी नायव उपरिक्षक दक्षकुमार बस्नेतले प्रहरीले दुव्र्यवहार नगरेको दावी गरेका छन्। उनले गत मंगलबार दिउँसो दुई युवाहरुको समुह बिच सामान्य बिवाद मात्र भएको बताए। ,https://dineshkhabar.com/article/26900
"२०७७ वैशाख ९, ०४:१७",कैलालीमा जनप्रतिनिधिलाई भित्र थुनेर वडा कार्यालयमा ताला ,धनगढी : कैलालीको जानकी गाँउपालिकाका वडा नम्बर ५ का जनप्रतिनिधिलाई कार्यालयमा थुनेर स्थानीयले ताला लगाएका छन्। दोस्रो चरणमा राहत वितरण सुरु नभएको भन्दै स्थानीयलाई वडा अध्यक्ष भीमवहादुर थारु लगायतका जनप्रतिनिधिलाई कार्यालयभित्रै थुनेर ताला लगाएका हुन्। लकडाउनपछि समस्यामा परेका वडावासीलाई स्थानीय सरकारले राहत नदिएको गुनासो गर्दै ताला लगाईएको हो। उनीहरुले झण्डै आधा घण्टा सम्म जनप्रतिनिधिलाई थुनेका थिए। वडा अध्यक्ष थारुले कार्यापालिका बैठक नहुँदा दोस्रो चरणको राहत वितरण सुरु नभएको बताए।,https://dineshkhabar.com/article/26744
"२०७७ वैशाख ११, ०१:५१","धनगढीमा महिलामाथि निर्घात कुटपिट, श्रीमान पक्राउ ","धनगढी : धनगढीमा एक महिलामाथि निर्घात कुटपिट भएको छ। धनगढी उप–महानगरपालिका वडा नम्वर ९ की ३८ बर्षीय महिलामाथि निर्घात कुटपिट भएको हो। कुटपिटबाट घाईते भएकी उनलाई उपचारका लागि सेती प्रादेशिक अस्पताल ल्याईएको छ। कुटपिटको आरोपमा जिल्ला प्रहरी कार्यालय कैलालीले उनका श्रीमान ३९ बर्षीय चन्द्रदेव भट्टलाई पक्राउ गरेको छ। जिल्ला प्रहरी कार्यालय कैलालीका प्रहरी नायव उपरिक्षक दक्षकुमार बस्नेतले घटनाको थप अनुसन्धान भईरहेको बताए। वडा नम्वर ९ का अध्यक्ष प्रेम भण्डारीले तीन, चार दिनदेखि ति महिला टोलमा नदखिएपछि उनको खोजी गर्दा घरकै एक कोठामा थुनिएको अवस्थामा फेला परेकी थिईन्। ‘कुटपिटपछि घाईते अवस्थामा फेला परेकी महिलालाई एम्बुलेन्समा अस्पताल पठाएका छौँ।ति महिलामाथि परिवारका सदस्यले पहिलेदेखि नै कुटपिट गर्दै आएको खुलेको छ।’ वडा अध्यक्ष भण्डारीले दिनेश खवरलाई भने। ",https://dineshkhabar.com/article/26873
"२०७७ वैशाख ११, ०६:५५",बैतडीको पंञ्चेश्वरमा राहत वितरणमा विभेद गरेको भन्दै स्थानीयको विरोध ,"<strong>धनगढी : </strong>बैशाख ८ गते बैतडीको पञ्चेश्वर गाउँपालिका वडा नम्बर ४ बिनायकका ७३ वर्षीय जोगबहादुर चन्द राहतका लागि वडा कार्यालय पुगे। वडा कार्यालयले राहत बाँड्ने भन्दै सबैलाई बोलाएपछि उनीपनि हातमा थैली बोक्दै करिब ३ घण्टा उकालोबाटो हुँदै वडा कार्यालय पुगका थिए। उनी पुग्दासम्म वडा कार्यालयले केही व्यक्तिलाई राहत बाँडीसकेको थियो। उनीपनि राहत पाउने आशाले थैली थाप्दै राहत बाँड्ने नजिक गए। तर उनको थैलीमा भने राहत परेन्। हिडाँइले थकित बृद्ध राहत पाइने भनेपछि खुशी हुँदै थैली लिएर राहत बाँड्नेकोे नजिक त पुगे तर उनलाई ‘तपाईका लागि यो राहत होइन’ भनीयो। त्यसपछि केहीछिन टाउकोमा हात राख्दै चन्दले राहत बाँडेको हेरिरहे। ‘राहत वितरणमा भेदभाव भइरहेको थियो। आफन्त, आसेपासे र कार्यकर्ताहरुलाई फटाफट राहत बाँडिदै थियो’ उनी भन्छन्, ‘मैले थैली थाप्दै भैलीस्वरुप मलाई थोरै भएपनि दिनुभन्दा तपाईका लागि यो राहत होइन भन्दै उल्टै हप्काए।’ ६ जनाको उनको परिवारमा छोरा मात्रै जागिरे छ। उनीपनि लकडाउनका कारण भारतमा फसेका छन्। ‘मेरो घरमा ६ जना छन्, एउटा छोरामात्रै जागिरे छ। उ पनि भारतमा लकडाउनमा फसेको छ’ चन्दले भने, ‘उसले पैसा पठाउन सकिरहेको छैन, साना नातिनतिना छन्। घरमा भएको अन्न समेत सकिएकाले बेजोग भएको छ।’ चन्द मात्रै होइन उनीसंगै राहतका लागि सोही ठाउँका दुई जना मानशिक रोगी महिला र एक जना अपागं महिला पनि राहत माग्नेको भिडमा थिए। तर ति दुवैलाई समेत सुक्को दिइएन। चन्दका अनुसार ती दुवैले राहत बारे बुझ्न खोज्दा सोध्ने अधिकार छैन भन्दै हप्काइएको थियो। ‘तपाईहरुलाई सबै बताउने हाम्रो कुनै अधिकार छैन, हामी बताउँदैनौ, तपाईहरुको नाम लिष्टमा छैन जानुस भनेर भन्यो’ उनले भने। राहत लिन गएकी गंगा चन्द अपागं हुन भने कहुरा धामी र बिस्ना चन्द एकल महिला र मानसिक रोगी हुन। त्यो दिन उनीहरुलाई पनि रित्तै फर्काइयो। वडा कार्यालयद्वारा एकलौटी रुपमा राहत वितरण गरिएको अर्का स्थानीय सुरेन्द्रबहादुर चन्दले बताए। उनले भने ‘आफ्नो गाउँका मान्छेलाई एकलौटी रुपमा राहत दिइयो, जो हामी पिडित छौँ उनीहरुलाई रित्तै फर्काइयो।’ यस्तै गाउँमा परिवारै नबस्नेको नाममा पनि राहत थन्क्याइएको अर्का स्थानीय विरेन्द्रबहादुर चन्दले बताए। ‘जसलाई दिनुपर्ने हो उनीहरुलाई नदिएर आफन्त, आसेपासे, पार्टी कार्यकर्ताहरुलाई राहत बाँडे’ उनले दिनेश खबरसँग भने, ‘आफ्नै भाई नातापर्ने उनको परिवार गाउँमै बस्दैन्, उनीहरुको नाममा राहत राखेका छन्।’ उक्त स्थानमा नबस्नेको समेत राहत पाउनेको सूचिमा नाम रहेको उनले बताए। ‘एकै परिवारका २/३ जना सरकारी जागीरे भएका तथा धनगढी/महेन्द्रनगर बसेर सरकारी जागीर गर्नेलाई राहत दिइएको छ’ उनले भने। यस सम्बन्धमा वडा नम्बर ४ का कार्यवाहक वडाअध्यक्ष श्याम चन्द भने राहत बाडेपनि स्थानीयहरुले गुनासो गरिरहेको बताएका छन्। ‘हामीले पहिलो चरणको राहत बाडिसकेका छौँ, अब दोस्रो चरणको राहत बाँड्न २५ सदस्यीय समिती गठन गरेका छाैँ’ उनले भने, ‘शुक्रबार बैठक छ, प्रदेश सरकारले दिने दोस्रो चरणको राहत घरदैलो कार्यक्रम गरेर बाँड्ने योजना छ।’ गाउँपालिकाको एक लाख ४० हजार र वडाकार्यालयको साढे ४ लाखको पहिलो चरणको राहत ३ सय २१ जनालाई वितरण गरिसकेको उनले बताए। उता गाउँपालिकाका अध्यक्ष गोरख बहादुर चन्दले भने स्थानियले सबैलाई बाड्नु पर्ने भन्दै बिरोध गरेको बताए। उनले भने, पहिलो चरणको राहत वडाका ३ सय २१ जनालाई बाडिसकेका छौँ, अब दोस्रो चरणको प्रदेश सरकार र रुडेसबाट आउने राहत डाटा संकलन गरेर सबैलाइ बाँड्ने योजना छ। सो वडाका वडा अध्यक्षको भने गत मंसिरमा निधन भएको थियो। अहिले कार्यबाहक अध्यक्षको रुपमा श्यामबहादुर चन्दलाई नियुक्त गरिएको छ। राहतमा मनोमानी गरेको भन्दै स्थानीयले उक्त वडामा अहिले विरोध गरिरहेका छन्। विन्दु चन्द दिनेश खबरका संवाददाता हुन्। उनले समसामयिक विषयमा कलम चलाउछन्।",https://dineshkhabar.com/article/26895
"२०७७ वैशाख ७, १२:०२","कञ्चनपुरमा किशोरीमाथि बलात्कार, ६८ वर्षीय बृद्ध पक्राउ ",धनगढी : कञ्चनपुरमा एक किशोरीमाथि बलात्कारको आरोपमा बृद्ध पक्राउ परेका छन्। भीमदत्त नगरपालिका ११ का ६८ वर्षीय तारादत्त ओझालाई प्रहरीले शनिबार पक्राउ गरेको हो। यसैसात उनले १५ वर्षीया बालिका घरमा आएको मौका छोपेर बलात्कार गरेको भन्दै पीडित पक्षले प्रहरीमा किटानी जाहेरी दिएको थियो। परिवारका सदस्य सबै गहुँ काट्न गएको मौका छोपी बृद्धले बालिकाको मुख थुनेर बलात्कार गरेको पीडित पक्षको आरोप छ। ओझा बिरुद्ध जबरजस्ती करणीको आरोपमा परेको किटानी जाहेरीका आधारमा आरोपीलाई पक्राउ गरेको प्रहरीले जनाएको छ। जिल्ला प्रहरी कार्यालयका प्रवक्ता रविन्द्र पौडेलले वृद्धलाई पक्राउ गरी म्याद थप गरेर अनुसन्धान अघि बढाइएको बताए। ,https://dineshkhabar.com/article/26602
"२०७७ वैशाख ४, ०८:४२",कञ्चनपुरमा रातिको समयमा २ युवतिमाथी अभद्र व्यवहार तथा बलात्कारको प्रयास गर्ने ५ जना पक्राउ ,"कञ्चनपुरमा २ युवतिमाथी अभद्र व्यवहार तथा बलात्कारको प्रयास गरेको आरोपमा ५ जना पक्राउ परेका छन्। जिल्लाको बेलौरी नगरपालिका वडा नम्बर वडा नम्बर ७ का २ युवतिमाथी रातिको समयमा अभद्र व्यवहार तथा बलात्कारको प्रयास गरेको आरोपमा वडा नम्बर ९ कुण्डाका ५ युवक पक्राउ परेका हुन्। बैसाख १ गते राति ९ बजे कुण्डाबाट गहुँकाटेर बरैया घर फर्किने क्रममा ५ युवकले मोटरसाईकलको चावीखोसी अभद्र व्यवहार तथा बलात्कारको प्रयास गरेको पिडित पक्षको जाहेरीका आधारमा उनिहरुलाई पक्राउ गरीएको प्रहरीले जनाएको छ। पक्राउ पर्नेमा वडा नम्बर ९ कुण्डा हाल बेलौरी बस्ने सन्तोष ऐर, करन ऐर, सुरेन्द्र ऐर, जनक विष्ट र प्रेम चन्द रहेका छन्। ईलाका प्रहरी कार्यालय बेलौरीका प्रहरी निरीक्षक रण बहादुर चन्दले भने उनिहरुलाई मंगलबार सामान्य सोधपुछका लागी झिकाईएको बताए। युवतिमाथी अभद्र व्यवहार तथा हातपातको प्रयास गरेको देखीएकाले नियन्त्रणमा राखि थप अनुशन्धान भईरहेको उनले बताए। २ बालकलाई समेत बिहिबार सोधपुछका लागी झिकाईएको उनले बताए। रातिको समयमा मापसे सेवन गरेर गुंडागर्दी सैलीमा युवतिमाथी अभद्र व्यवहार तथा बलात्कारको प्रयास गरेको भन्दै कार्वाहीका लागी प्रहरीमा जाहेरी दिएको पिडीत पक्षले जनाएको छ। ",https://dineshkhabar.com/article/26454
"२०७७ वैशाख ३, ११:०९",दार्चुलामा राहत माग्दै वडा कार्यालयमा धर्ना ,"दार्चुलाको महाकाली नगरपालिका–८ का स्थानीयवासीले राहत उपलब्ध गराउन माग गर्दै वडा कार्यालयमा धर्ना दिएका छन्। धापका दलित परिवारका व्यक्तिले आफूहरुलाई राहत उपलब्ध गराउनुपर्ने मागसहित मङ्गलबार वडा कार्यालय धर्ना दिएका हुन्। महाकाली नगरपालिकाले सुपथ मूल्य पसल सञ्चालन गरेको भए पनि आफूहरुसँग अर्थाभावका कारण खरिद गर्न सक्ने अवस्था नभएको उनीहरुले जनाएका छन्। उनीहरुले सुपथ मूल्य पसल नभइ निःशुल्क खाद्यान्न पाउनुपर्ने माग गरेका छन्। कोरोना भाइरसको सङ्क्रमणबाट जोगिन सरकारले गरेको बन्दाबन्दीका कारण आफूहरुले काम गर्न नपाएको र घरमा खाद्यान्न सामग्री केही नभएकाले राहत माग्न वडा कार्यलयमा आएको पावर्ती कोलीले बताए। वडा नम्बर ८ कार्यालयले ५६ गरिब परिवारको विवरण नगरपालिकालाई पठाएको वडासचिव श्यामसिंह धामीले बताए। उनले भने, “हामीलाई मूल्य सूचीसहित खाद्य सामग्री उपलब्ध गराएको छ, त्यही आधारमा बिक्री गरिरहेका छौँ।” दलित परिवारको माग निःशुल्क वितरण गर्नुपर्ने भएकाले नगरपालिकाले मूल्य तोकी बिक्री गर्न भनेको हुँदा आफूले पैसा लिएर बिक्री गरिरहेको सचिव धामीको भनाइ छ। वडाध्यक्ष चक्रसिंह विष्टले पनि गरिब परिवारले राहतका लागि धर्ना दिएको विषयमा आफूले महाकाली नगरपालिकामा जानकारी गराएको बताए। पालिकाले त्यस्ता नागरिकको लगत सङ्कलन गर्न थालेको बुझिएको छ। रासस ",https://dineshkhabar.com/article/26346
"२०७६ चैत्र २६, ०४:५१",धनगढीका अस्पतालले भर्ना गर्न नमान्दा एक जनाको मृत्यु ,"धनगढी : अस्पतालले भर्ना नलिएपछि उपचार नपाएर कैलालीमा एक जनाको मृत्यु भएको छ। बुधवार साढे ११ बजे धनगढीस्थित एक निजी अस्पताल पुगाईएका जिल्लाको गोदावरी नगरपालिका वडा नम्वर २ तेघरीका ७६ बर्षीय जनकलाल भट्टको मृत्यु भएको हो। भट्टलाई साढे ११ बजे धनगढीको माया मेट्रो अस्पताल पुगाईएको थियो। विरामीका आफन्त हेमराज भट्टले भने, ‘अंकललाई साढे ११ बजे अस्पतालमा पुगाए। भर्ना गर्न मानिएन्। सोही अस्पतालमा तेघरीका एक जना कार्यरत रहेछन्। उनले स्वास्थ्य जाँच गरिदिएपछि स्वासप्रश्वासमा समस्या देखिएको भन्दै भेण्टिलेटरमा राख्न सुझाव दिईयो। तर कुनै पनि अस्पतालले भर्ना गर्न नमान्दा अहिले अंकलको मृत्यु भईसकेको छ।’ उनका अनुसार धनगढीमा भेण्टिलेटरको सुविधा रहेको अर्को निजी अस्पताल निसर्गका संञ्चालकसंग आग्रह गरेपनि त्यहाँ डाक्टर नभएको जानकारी आएको थियो। ‘घर पुगेको १० मिनेट मात्रै भएको थियो अंकलको मृत्यु भयो। कुनै अस्पतालले पनि भर्ना गरिदिएको भए अहिले अंकल जिवत नै हुन्थेहोला।’ केही निजी अस्पतालले भेण्टिलेटर खाली नभएको बताएका हुन् भने केही अस्पतालले चिकित्सक नै नभएको भन्दै भर्ना गर्न नमानेका हुन्। सेती प्रादेशिक अस्पतालमा पनि भेण्टिलेटर खाली नभएको जानकारी पाएपछि उनलाई त्यहाँ भने लगिएको थिएन्। यता माया मेट्रो अस्पतालका अध्यक्ष धिरेन्द्र साउदले भने भेण्टिलेटर खाली नहुँदा भर्ना गर्न नसकिएको प्रतिक्रीया दिए। निसर्ग अस्पतालका सञ्चालक कुवेर शाहीले भेण्टिलेटर खाली भएपनि लकडाउनका कारण फिजिसियन डाक्टर काठमाडौँमा रोकिएका कारण भर्ना गर्न नसकिएको बताए।",https://dineshkhabar.com/article/25903
"२०७६ चैत्र १९, ०६:०७",बझाङमा एक व्यापारीको हत्या ,"<strong>प्रताप ओली, बझाङ:</strong> अज्ञात समूहले एक व्यापारीको हत्या गरेको छ। जिल्लाको तल्कोट गाउँपालिका १ डोरीपाटाका स्थानीय व्यापारी डबल बहादुर कुँवरको मंगलबार राति अज्ञात समूहद्वारा हत्या भएको हो। राती १० बजे पसल बन्द गरेर सुत्न लागेका कुँवरलाई पसल खोल्न लगाइ आग्लोले टाउकोमा बजारेको जिल्ला प्रहरी कार्यालय बझाङका सूचना अधिकारी नेत्र बोहराले जानकारी दिए। प्रहरीका अनुसार कुँवरको टाउकोमा गहिरो चोट लागेको छ। मृतक कुँवर नाती जीवन कुँवरका अनुसार ९ बजेतिर मन्दिरमा पुजा गरेर परिवारका सबै सदस्य घर फर्किएको र मृतक कुँवर पसलमा गएका थिए। राती भएकाले घरका सबै सुतेको र सडक छेउमा रहेको उक्त पसलमा अज्ञात समूहले सामान किन्ने निहुँमा पसल खोल्न लगाइ हत्या गरिएको बुझिएको छ। हत्यापछि कुँवरको पसलबाट एक डण्डा चुरोट पनि चोरी भएको छ। मृतक कुँवरको शव पोष्टमार्टमका लागि जिल्ला अस्पताल सिमखेतमा राखिएको प्रहरीले जनाएको छ। ",https://www.dineshkhabar.com/article/25401
